Date,Home Team,Home Score,Away Team,Away Score
2019-08-10,Kirkwood,3,Pattonville,0
2019-08-27,William Chrisman,3,Winnetonka,1
2019-08-28,Savannah,1,Winnetonka,0
2019-08-29,Ruskin,5,Winnetonka,3
2019-08-30,St. Michael the Archangel,3,Barstow,0
2019-08-30,Webb City,1,Carl Junction,0
2019-08-30,Fair Grove,0,Carl Junction,1
2019-08-30,Jefferson City,0,Christian Brothers College,2
2019-08-30,Gateway Science Charter,3,Collegiate School of Med-Bio Science,1
2019-08-30,Lebanon,5,Dixon,3
2019-08-30,Duchesne,0,Ft. Zumwalt North,1
2019-08-30,Frontier STEM,1,Grain Valley,7
2019-08-30,Liberty North,2,Harrisonville,2
2019-08-30,Nixa,1,Hickman,2
2019-08-30,Aurora,0,Joplin,8
2019-08-30,Hickman,2,Kickapoo,4
2019-08-30,Rock Bridge,6,Kickapoo,3
2019-08-30,Timberland,3,Mehlville,3
2019-08-30,Savannah,4,Oak Grove,0
2019-08-30,Willard,3,Osage,0
2019-08-30,Marquette,2,Parkway South,3
2019-08-30,Westminster Christian Academy,2,Principia,0
2019-08-30,Waynesville,1,Republic,3
2019-08-30,Park Hill South,0,Rockhurst,2
2019-08-30,Glendale,1,SLUH,3
2019-08-30,Lee's Summit,8,St. Charles,0
2019-08-30,Lebanon,4,West Plains,1
2019-08-30,Canton,0,Winfield,3
2019-08-31,Van Horn,0,Blue Springs,3
2019-08-31,Pleasant Hill,0,Blue Springs South,8
2019-08-31,Southern Boone,8,Capital City,1
2019-08-31,West Plains,3,Carl Junction,2
2019-08-31,Perryville,3,Central (Cape Girardeau),1
2019-08-31,Jefferson City,0,Christian Brothers College,2
2019-08-31,Fair Grove,3,Dixon,4
2019-08-31,Parkway West,8,Farmington,0
2019-08-31,Battle,1,Fulton,0
2019-08-31,Webster Groves,4,Glendale,1
2019-08-31,Rock Bridge,6,Kickapoo,3
2019-08-31,Hickman,2,Kickapoo,4
2019-08-31,Staley,1,Lee's Summit North,1
2019-08-31,Park Hill,0,Liberty,1
2019-08-31,Rock Bridge,3,Nixa,1
2019-08-31,St. Michael the Archangel,1,North Kansas City,3
2019-08-31,Willard,3,Oak Grove,1
2019-08-31,Osage,3,Oak Grove,4
2019-08-31,Savannah,4,Osage,0
2019-08-31,St. Charles,0,Raytown South,1
2019-08-31,Willard,0,Savannah,2
2019-08-31,Missouri Military Academy,2,St. Paul Lutheran (Concordia),3
2019-08-31,Fair Grove,0,Webb City,1
2019-08-31,Lebanon,2,Webb City,1
2019-08-31,Dixon,3,West Plains,8
2019-09-02,Bishop LeBlond,0,Central (St. Joseph),3
2019-09-02,Cameron,0,Maryville,13
2019-09-02,Pleasant Hill,2,St. Charles,5
2019-09-02,St. Michael the Archangel,0,Van Horn,4
2019-09-03,Northwest (Cedar Hill),8,Affton,0
2019-09-03,Cassville,0,Aurora,1
2019-09-03,Lutheran (Kansas City),0,Barstow,5
2019-09-03,Father Tolton,3,Battle,1
2019-09-03,Lafayette (St. Joseph),0,Benton,8
2019-09-03,Valley Park,2,Bishop DuBourg,5
2019-09-03,North Kansas City,1,Blue Springs,2
2019-09-03,Raytown South,1,Blue Springs South,5
2019-09-03,Chillicothe,6,Cameron,1
2019-09-03,Branson,3,Carthage,2
2019-09-03,Thomas Jefferson Independent Day,5,Cassville,1
2019-09-03,Cristo Rey,4,Center,5
2019-09-03,Logan-Rogersville,2,Central (Springfield),1
2019-09-03,Bishop LeBlond,0,Central (St. Joseph),3
2019-09-03,Oak Grove,0,Clinton,4
2019-09-03,Knob Noster,1,Cole Camp,3
2019-09-03,Laquey,7,Dixon,1
2019-09-03,Fulton,0,Fatima,3
2019-09-03,Windsor (Imperial),3,Fox,5
2019-09-03,Oakville,0,Francis Howell,4
2019-09-03,Warrenton,0,Francis Howell Central,8
2019-09-03,Duchesne,0,Ft. Zumwalt North,1
2019-09-03,St. Charles,0,Ft. Zumwalt South,7
2019-09-03,Missouri Military Academy,0,Ft. Zumwalt West,5
2019-09-03,Carnahan,1,Gateway,9
2019-09-03,Fort Osage,2,Grandview,1
2019-09-03,West Plains,0,Greenwood,2
2019-09-03,St. Pius X (Kansas City),2,Guadalupe Centers Charter,3
2019-09-03,Grain Valley,5,Harrisonville,3
2019-09-03,Parkway North,2,Hazelwood West,0
2019-09-03,Carl Junction,1,Joplin,2
2019-09-03,Parkway West,2,Kirkwood,6
2019-09-03,Parkway Central,1,Ladue Horton Watkins,2
2019-09-03,Liberty (Wentzville),0,Lafayette (Wildwood),5
2019-09-03,East (Kansas City),1,Liberty,4
2019-09-03,Frontier STEM,1,Liberty North,8
2019-09-03,Savannah,0,Lincoln College Prep,6
2019-09-03,Sacred Heart,4,Lone Jack,2
2019-09-03,Ft. Zumwalt East,5,Lutheran St. Charles,0
2019-09-03,St. Pius X (Festus),6,Maplewood-Richmond Hts.,0
2019-09-03,Moberly,0,Marshall,8
2019-09-03,Camdenton,2,Marshfield,1
2019-09-03,Platte County,0,Maryville,4
2019-09-03,Collegiate School of Med-Bio Science,2,Metro,7
2019-09-03,Parkview,1,Monett,4
2019-09-03,Seckman,3,North County,2
2019-09-03,Platte County,5,Northeast (Kansas City),3
2019-09-03,Perryville,6,Pacific,0
2019-09-03,Lee's Summit West,0,Park Hill South,1
2019-09-03,Oak Park,3,Raytown,2
2019-09-03,Ozark,1,Republic,0
2019-09-03,Iberia,3,Richland,4
2019-09-03,Troy Buchanan,4,Ritenour,0
2019-09-03,Savannah,0,Rock Bridge,2
2019-09-03,Francis Howell North,0,Rockwood Summit,5
2019-09-03,Excelsior Springs,3,Ruskin,0
2019-09-03,Rock Bridge,1,Smithton,0
2019-09-03,Kearney,2,Smithville,1
2019-09-03,Osage,0,Southern Boone,8
2019-09-03,Trinity Catholic,0,St. Charles West,1
2019-09-03,Capital City,0,Webster Groves,9
2019-09-03,Willard,0,St. Paul Lutheran (Concordia),8
2019-09-03,St. Paul Lutheran (Farmington),0,University City,8
2019-09-03,Brentwood,0,Veritas Christian Academy,3
2019-09-03,Odessa,1,Warrensburg,9
2019-09-03,Hillcrest,2,Waynesville,9
2019-09-03,Webb City,2,Willard,1
2019-09-03,Wright City,3,Winfield,0
2019-09-03,William Chrisman,3,Winnetonka,1
2019-09-04,MICDS,7,Bayless,1
2019-09-04,Lindbergh,0,Christian Brothers College,1
2019-09-04,Vianney,0,Eureka,1
2019-09-04,Fort Osage,0,Excelsior Springs,1
2019-09-04,St. Paul Lutheran (Farmington),0,Festus,9
2019-09-04,Webster Groves,5,Fox,0
2019-09-04,Duchesne,0,Francis Howell Central,4
2019-09-04,Ritenour,0,Ft. Zumwalt South,7
2019-09-04,North Technical,2,Hazelwood East,1
2019-09-04,Timberland,3,Holt,4
2019-09-04,Lutheran South,0,John Burroughs,8
2019-09-04,Rockwood Summit,4,Lafayette (Wildwood),1
2019-09-04,William Chrisman,2,Lincoln College Prep,0
2019-09-04,Priory,7,Lutheran North,0
2019-09-04,Pattonville,0,Mehlville,3
2019-09-04,Pacific,1,North County,3
2019-09-04,East (Kansas City),0,Park Hill,1
2019-09-04,De Smet Jesuit,3,Parkway South,0
2019-09-04,St. Michael the Archangel,3,Pleasant Hill,6
2019-09-04,Belton,0,Raymore-Peculiar,8
2019-09-04,Grandview,6,Ruskin,0
2019-09-04,Winnetonka,0,Savannah,1
2019-09-04,Perryville,3,Seckman,2
2019-09-04,Chaminade College Prep,1,SLUH,0
2019-09-04,Crossroads College Preparatory,1,Soldan International Studies,2
2019-09-04,Troy Buchanan,1,St. Charles,0
2019-09-04,Warrenton,0,St. Charles West,4
2019-09-04,Fredericktown,4,St. Clair,0
2019-09-04,Van Horn,4,St. Charles,0
2019-09-04,Brentwood,1,Whitfield,9
2019-09-04,Capital City,4,Windsor (Imperial),1
2019-09-05,Thomas Jefferson Independent Day,0,Aurora,1
2019-09-05,St. Pius X (Festus),3,Bishop DuBourg,3
2019-09-05,Lafayette (St. Joseph),0,Bishop LeBlond,8
2019-09-05,Blue Springs South,2,Blue Springs,4
2019-09-05,Fatima,2,Camdenton,1
2019-09-05,Cristo Rey,10,Central (Kansas City),2
2019-09-05,Benton,0,Central (St. Joseph),4
2019-09-05,Francis Howell Central,1,Chaminade College Prep,2
2019-09-05,Kirksville,4,Chillicothe,0
2019-09-05,St. Dominic,1,Christian Brothers College,2
2019-09-05,Green Ridge,0,Clinton,5
2019-09-05,University City,5,Festus,3
2019-09-05,Seckman,5,Fox,1
2019-09-05,Lafayette (Wildwood),3,Francis Howell North,0
2019-09-05,Notre Dame (Cape Girardeau),5,Fredericktown,2
2019-09-05,Parkway North,0,Ft. Zumwalt East,1
2019-09-05,Warrenton,0,Ft. Zumwalt North,7
2019-09-05,Hazelwood West,0,Ft. Zumwalt West,7
2019-09-05,Mexico,7,Fulton,0
2019-09-05,Ozark,2,Glendale,1
2019-09-05,Liberty North,1,Grain Valley,1
2019-09-05,Bolivar,0,Greenwood,2
2019-09-05,Frontier STEM,0,Harrisonville,5
2019-09-05,Logan-Rogersville,4,Hillcrest,0
2019-09-05,Affton,2,Hillsboro,5
2019-09-05,Nixa,2,Kickapoo,1
2019-09-05,Odessa,3,Knob Noster,1
2019-09-05,Iberia,0,Laquey,5
2019-09-05,Liberty,2,Lee's Summit North,1
2019-09-05,Lee's Summit,3,Lee's Summit West,0
2019-09-05,Fort Osage,1,Lincoln College Prep,3
2019-09-05,Francis Howell,1,Lindbergh,2
2019-09-05,Missouri Military Academy,0,Lutheran St. Charles,5
2019-09-05,Valley Park,2,Maplewood-Richmond Hts.,1
2019-09-05,De Smet Jesuit,2,Marquette,0
2019-09-05,Crocker,1,Marshfield,9
2019-09-05,Barstow,4,Maryville,0
2019-09-05,Fair Grove,0,McDonald County,3
2019-09-05,Holt,0,Mehlville,0
2019-09-05,Webb City,1,Monett,2
2019-09-05,Capital City,1,North County,2
2019-09-05,Raytown South,0,North Kansas City,6
2019-09-05,Lone Jack,2,Northeast (Kansas City),4
2019-09-05,Marshall,0,Oak Grove,3
2019-09-05,Belton,1,Oak Park,0
2019-09-05,Farmington,0,Oakville,6
2019-09-05,Winfield,0,Orchard Farm,8
2019-09-05,Windsor (Imperial),0,Pacific,3
2019-09-05,Carl Junction,1,Parkview,4
2019-09-05,Kirkwood,1,Parkway South,0
2019-09-05,Timberland,2,Pattonville,3
2019-09-05,Webster Groves,4,Perryville,1
2019-09-05,Sacred Heart,1,Platte County,4
2019-09-05,Lutheran (Kansas City),0,Platte County,6
2019-09-05,Liberty (Wentzville),0,Rockwood Summit,5
2019-09-05,Helias Catholic,1,Rolla,2
2019-09-05,Winnetonka,3,Ruskin,5
2019-09-05,Grandview,7,Savannah,0
2019-09-05,Central (Cape Girardeau),8,Sikeston,0
2019-09-05,Republic,1,Savannah,2
2019-09-05,Boonville,0,Southern Boone,5
2019-09-05,Branson,0,Springfield Catholic,3
2019-09-05,Summit Christian Academy,0,St. Pius X (Kansas City),5
2019-09-05,East (Kansas City),2,Staley,3
2019-09-05,Richland,5,Willard,1
2019-09-05,St. Clair,1,Webb City,6
2019-09-05,Trinity Catholic,3,Veritas Christian Academy,2
2019-09-05,Center,2,Warrensburg,4
2019-09-05,Central (Springfield),1,Waynesville,0
2019-09-05,Excelsior Springs,3,William Chrisman,2
2019-09-06,Lutheran North,0,Bayless,6
2019-09-06,Willard,2,Belle,5
2019-09-06,Maplewood-Richmond Hts.,0,Bishop DuBourg,2
2019-09-06,Affton,3,Brentwood,2
2019-09-06,Hickman,3,Capital City,1
2019-09-06,Northwest (Cedar Hill),1,Clayton,2
2019-09-06,Liberty (Wentzville),5,Francis Howell North,1
2019-09-06,Sikeston,2,Fredericktown,3
2019-09-06,Collegiate School of Med-Bio Science,1,Hancock,4
2019-09-06,Central (Cape Girardeau),2,Jackson,2
2019-09-06,Westminster Christian Academy,0,John Burroughs,5
2019-09-06,Pembroke Hill,2,Kickapoo,1
2019-09-06,Dixon,0,Lebanon,6
2019-09-06,Principia,1,Lutheran South,0
2019-09-06,Priory,2,MICDS,3
2019-09-06,STEAM Academy,3,North Technical,6
2019-09-06,St. Francis Borgia,3,Notre Dame (Cape Girardeau),4
2019-09-06,Parkway Central,3,Parkway West,2
2019-09-06,Marshall,1,St. Paul Lutheran (Concordia),3
2019-09-06,St. Pius X (Festus),4,Valley Park,0
2019-09-07,Principia,0,Bayless,1
2019-09-07,Bishop LeBlond,0,Benton,1
2019-09-07,Monett,4,Branson,6
2019-09-07,Fair Grove,1,Cassville,2
2019-09-07,Carthage,2,Central (Springfield),1
2019-09-07,Lafayette (St. Joseph),0,Central (St. Joseph),6
2019-09-07,Christian Brothers College,1,Chaminade College Prep,2
2019-09-07,Jackson,6,Fredericktown,0
2019-09-07,Ft. Zumwalt West,3,Ft. Zumwalt East,1
2019-09-07,Francis Howell Central,2,Ft. Zumwalt North,1
2019-09-07,Troy Buchanan,0,Ft. Zumwalt South,4
2019-09-07,Pembroke Hill,1,Glendale,2
2019-09-07,Lutheran St. Charles,1,Hazelwood West,3
2019-09-07,Osage,2,Helias Catholic,4
2019-09-07,Camdenton,0,Jefferson City,6
2019-09-07,MICDS,0,John Burroughs,1
2019-09-07,Lutheran (Kansas City),0,Lone Jack,8
2019-09-07,Lutheran South,8,Lutheran North,0
2019-09-07,Sacred Heart,1,Maryville,2
2019-09-07,Thomas Jefferson Independent Day,1,McDonald County,4
2019-09-07,Platte County,1,Northeast (Kansas City),8
2019-09-07,Missouri Military Academy,0,Parkway North,2
2019-09-07,Barstow,0,Platte County,3
2019-09-07,Central (Cape Girardeau),5,Poplar Bluff,1
2019-09-07,St. Francis Borgia,5,Poplar Bluff,0
2019-09-07,Westminster Christian Academy,0,Priory,3
2019-09-07,SLUH,1,Rock Bridge,2
2019-09-07,St. Francis Borgia,8,Sikeston,0
2019-09-07,Ritenour,1,St. Charles,1
2019-09-07,St. Dominic,1,Vianney,2
2019-09-07,Duchesne,4,Warrenton,0
2019-09-07,Webb City,1,Washington,2
2019-09-07,Veritas Christian Academy,0,Whitfield,3
2019-09-09,Greenwood,1,Aurora,2
2019-09-09,Maplewood-Richmond Hts.,0,Bayless,8
2019-09-09,Webster Groves,5,Bishop DuBourg,0
2019-09-09,Raytown,0,Blue Springs,1
2019-09-09,Monett,3,Carl Junction,2
2019-09-09,Laquey,2,Cassville,1
2019-09-09,Maryville,1,Chillicothe,2
2019-09-09,Crossroads College Preparatory,0,Eureka,9
2019-09-09,Ft. Zumwalt South,2,Francis Howell Central,1
2019-09-09,Lone Jack,2,Green Ridge,0
2019-09-09,Warrensburg,1,Harrisonville,3
2019-09-09,Brentwood,7,Hazelwood East,0
2019-09-09,Vianney,2,Holt,1
2019-09-09,Smithville,0,Kearney,1
2019-09-09,Smithton,3,Knob Noster,2
2019-09-09,Fox,0,Lutheran South,3
2019-09-09,Waynesville,0,Metro,10
2019-09-09,Battle,1,Mexico,0
2019-09-09,Fulton,1,Missouri Military Academy,6
2019-09-09,Park Hill,4,North Kansas City,1
2019-09-09,Iberia,1,Northeast (Kansas City),7
2019-09-09,Cameron,0,Oak Grove,8
2019-09-09,St. Charles West,0,Orchard Farm,2
2019-09-09,Westminster Christian Academy,2,Parkway Central,1
2019-09-09,Warrenton,0,Rolla,8
2019-09-09,McCluer,9,STEAM Academy,1
2019-09-09,Fatima,8,Willard,0
2019-09-09,Francis Howell,2,Troy Buchanan,1
2019-09-09,Gateway Science Charter,1,Union,4
2019-09-09,MICDS,4,University City,0
2019-09-09,Windsor (Imperial),1,Washington,4
2019-09-10,St. Pius X (Festus),0,Affton,1
2019-09-10,Moberly,1,Battle,2
2019-09-10,Richland,6,Belle,5
2019-09-10,Lee's Summit West,5,Belton,1
2019-09-10,St. Pius X (Kansas City),1,Blue Springs South,4
2019-09-10,Logan-Rogersville,5,Bolivar,1
2019-09-10,Carl Junction,2,Branson,10
2019-09-10,Kickapoo,4,Camdenton,1
2019-09-10,Lone Jack,7,Cameron,0
2019-09-10,Thomas Jefferson Independent Day,0,Cassville,1
2019-09-10,Ruskin,1,Center,2
2019-09-10,Lafayette (St. Joseph),0,Chillicothe,4
2019-09-10,University City,0,Clayton,1
2019-09-10,Harrisonville,2,Excelsior Springs,1
2019-09-10,Central (Cape Girardeau),2,Farmington,1
2019-09-10,Guadalupe Centers Charter,4,Father Tolton,3
2019-09-10,Capital City,1,Fatima,5
2019-09-10,Valley Park,2,Festus,3
2019-09-10,Raymore-Peculiar,9,Fort Osage,1
2019-09-10,Ft. Zumwalt South,2,Francis Howell Central,1
2019-09-10,Francis Howell North,0,Ft. Zumwalt East,1
2019-09-10,Ritenour,0,Ft. Zumwalt North,4
2019-09-10,Boonville,4,Fulton,1
2019-09-10,McKinley Classical Leadership,5,Gateway,2
2019-09-10,Frontier STEM,0,Grandview,2
2019-09-10,Laquey,1,Greenwood,2
2019-09-10,Hazelwood Central,1,Hazelwood West,3
2019-09-10,Jefferson City,2,Hickman,1
2019-09-10,Vianney,2,Holt,1
2019-09-10,Carthage,4,Joplin,0
2019-09-10,Hannibal,2,Kirksville,1
2019-09-10,Marquette,3,Lafayette (Wildwood),1
2019-09-10,Rockhurst,0,Lee's Summit,3
2019-09-10,Park Hill South,0,Liberty,3
2019-09-10,Platte County,4,Liberty North,3
2019-09-10,Priory,0,Lindbergh,1
2019-09-10,Lutheran North,3,Lutheran St. Charles,5
2019-09-10,Springfield Catholic,4,Marshfield,0
2019-09-10,Benton,4,Maryville,0
2019-09-10,McCluer,4,McCluer North,1
2019-09-10,Webster Groves,0,Mehlville,1
2019-09-10,Marshall,6,Mexico,1
2019-09-10,Trinity Catholic,0,MICDS,3
2019-09-10,Perryville,3,North County,1
2019-09-10,Winnetonka,0,North Kansas City,8
2019-09-10,Hazelwood East,5,North Technical,2
2019-09-10,Parkway West,0,Northwest (Cedar Hill),3
2019-09-10,Green Ridge,0,Oak Grove,5
2019-09-10,Staley,3,Oak Park,2
2019-09-10,St. Dominic,2,Oakville,1
2019-09-10,Cole Camp,0,Osage,6
2019-09-10,Hillcrest,0,Parkview,7
2019-09-10,Rockwood Summit,5,Parkway Central,2
2019-09-10,Odessa,1,Pleasant Hill,9
2019-09-10,St. Paul Lutheran (Farmington),0,Poplar Bluff,8
2019-09-10,Helias Catholic,3,Rock Bridge,4
2019-09-10,Collegiate School of Med-Bio Science,2,Roosevelt,5
2019-09-10,Pacific,2,Seckman,3
2019-09-10,Carnahan,1,Soldan International Studies,9
2019-09-10,Duchesne,0,St. Francis Borgia,3
2019-09-10,Rock Bridge,1,Willard,2
2019-09-10,Winfield,0,Troy Buchanan,8
2019-09-10,Pembroke Hill,0,Van Horn,2
2019-09-10,Crossroads College Preparatory,3,Warrenton,2
2019-09-10,Nixa,2,Webb City,1
2019-09-10,Lebanon,2,West Plains,0
2019-09-10,Ladue Horton Watkins,0,Westminster Christian Academy,2
2019-09-10,Bishop DuBourg,0,Whitfield,5
2019-09-10,Republic,1,Willard,0
2019-09-10,St. Charles,2,William Chrisman,0
2019-09-11,Valley Park,0,Bayless,8
2019-09-11,DeSoto,1,Brentwood,2
2019-09-11,Grandview,4,Center,2
2019-09-11,Ladue Horton Watkins,1,Chaminade College Prep,2
2019-09-11,Raytown,3,Clinton,2
2019-09-11,Rolla,1,Eureka,3
2019-09-11,Hillsboro,6,Festus,0
2019-09-11,Parkway North,2,Hazelwood West,1
2019-09-11,De Smet Jesuit,4,Hickman,0
2019-09-11,Northwest (Cedar Hill),2,Jackson,3
2019-09-11,Iberia,0,Knob Noster,3
2019-09-11,Lutheran (Kansas City),0,Lafayette (St. Joseph),3
2019-09-11,John Burroughs,5,Lutheran South,0
2019-09-11,Hazelwood Central,2,Maplewood-Richmond Hts.,0
2019-09-11,Roosevelt,1,Metro,6
2019-09-11,Southern Boone,7,Missouri Military Academy,0
2019-09-11,McCluer North,2,North Technical,1
2019-09-11,Smithton,0,Northeast (Kansas City),5
2019-09-11,Blue Springs,3,Oak Park,0
2019-09-11,Windsor (Imperial),2,Pacific,3
2019-09-11,Liberty,0,Park Hill,1
2019-09-11,Liberty North,0,Raymore-Peculiar,6
2019-09-11,Frontier STEM,2,Ruskin,4
2019-09-11,Washington,2,Seckman,3
2019-09-11,McKinley Classical Leadership,1,Soldan International Studies,5
2019-09-11,Ft. Zumwalt North,2,St. Charles,0
2019-09-11,Sacred Heart,0,St. Paul Lutheran (Concordia),5
2019-09-11,Hancock,0,Union,3
2019-09-11,St. Michael the Archangel,0,Van Horn,2
2019-09-11,Lutheran St. Charles,0,Veritas Christian Academy,4
2019-09-11,Marshall,3,Warrensburg,2
2019-09-12,Parkway South,5,Affton,3
2019-09-12,Duchesne,1,Bishop DuBourg,3
2019-09-12,Greenwood,0,Branson,8
2019-09-12,Bolivar,2,Camdenton,0
2019-09-12,McDonald County,2,Carl Junction,1
2019-09-12,Marshfield,2,Cassville,0
2019-09-12,Frontier STEM,0,Center,3
2019-09-12,Raytown,2,Central (St. Joseph),4
2019-09-12,Raytown South,2,Central (St. Joseph),4
2019-09-12,Bishop LeBlond,1,Chillicothe,4
2019-09-12,Sacred Heart,2,Clinton,1
2019-09-12,Seckman,0,Eureka,4
2019-09-12,St. Francis Borgia,8,Father Tolton,3
2019-09-12,Dixon,1,Fatima,4
2019-09-12,Francis Howell Central,0,Francis Howell,2
2019-09-12,Timberland,2,Francis Howell North,0
2019-09-12,Sikeston,2,Fredericktown,5
2019-09-12,Ft. Zumwalt South,4,Ft. Zumwalt North,0
2019-09-12,Lindbergh,4,Ft. Zumwalt West,0
2019-09-12,Carthage,2,Glendale,1
2019-09-12,Smithville,1,Grain Valley,0
2019-09-12,University City,6,Hazelwood East,0
2019-09-12,Guadalupe Centers Charter,7,Kearney,1
2019-09-12,Lafayette (Wildwood),2,Kirkwood,1
2019-09-12,St. Pius X (Kansas City),1,Lee's Summit West,3
2019-09-12,Lebanon,0,Logan-Rogersville,3
2019-09-12,Westminster Christian Academy,8,Lutheran North,0
2019-09-12,Clayton,8,Maplewood-Richmond Hts.,0
2019-09-12,Excelsior Springs,7,Maryville,2
2019-09-12,Fox,0,Mehlville,4
2019-09-12,Kirksville,7,Moberly,1
2019-09-12,Monett,1,Nixa,2
2019-09-12,Lone Jack,0,Oak Grove,1
2019-09-12,Holt,1,Oakville,2
2019-09-12,Crossroads College Preparatory,0,Pacific,7
2019-09-12,Liberty (Wentzville),2,Parkview,1
2019-09-12,Webster Groves,1,Parkway Central,2
2019-09-12,St. Charles West,1,Pattonville,4
2019-09-12,St. Michael the Archangel,0,Pembroke Hill,0
2019-09-12,Crocker,6,Richland,5
2019-09-12,McCluer,1,Ritenour,5
2019-09-12,Parkway West,1,Rockwood Summit,3
2019-09-12,Washington,3,Rolla,2
2019-09-12,Grandview,3,Ruskin,0
2019-09-12,Marshall,0,Savannah,6
2019-09-12,Ozark,4,Springfield Catholic,1
2019-09-12,Vianney,3,St. Dominic,0
2019-09-12,The Fulton School,6,St. Paul Lutheran (Farmington),1
2019-09-12,Perryville,6,Webb City,2
2019-09-12,Principia,2,Trinity Catholic,0
2019-09-12,Willard,1,Waynesville,3
2019-09-12,SLUH,0,Webster Groves,2
2019-09-12,Bayless,5,Whitfield,2
2019-09-12,St. Charles,5,Winfield,1
2019-09-13,Joplin,4,Aurora,1
2019-09-13,West Plains,0,Aurora,1
2019-09-13,Monett,0,Blue Springs,3
2019-09-13,Summit Christian Academy,0,Boonville,0
2019-09-13,The Fulton School,2,Canton,1
2019-09-13,Jefferson City,1,Carthage,2
2019-09-13,Willard,1,Central (Springfield),4
2019-09-13,Liberty North,5,East (Kansas City),2
2019-09-13,Ritenour,1,Francis Howell North,4
2019-09-13,SLUH,5,Helias Catholic,0
2019-09-13,Marshfield,1,Hillcrest,2
2019-09-13,Smithton,5,Iberia,2
2019-09-13,Crocker,0,Joplin,8
2019-09-13,Guadalupe Centers Charter,7,Kearney,1
2019-09-13,Northeast (Kansas City),6,Knob Noster,0
2019-09-13,MICDS,1,Ladue Horton Watkins,0
2019-09-13,Battle,0,Lebanon,2
2019-09-13,Branson,7,Lebanon,1
2019-09-13,Barstow,8,Lutheran (Kansas City),0
2019-09-13,Veritas Christian Academy,0,Lutheran South,1
2019-09-13,Missouri Military Academy,4,Maplewood-Richmond Hts.,0
2019-09-13,Excelsior Springs,7,Maryville,2
2019-09-13,Soldan International Studies,1,Metro,2
2019-09-13,Poplar Bluff,0,Northwest (Cedar Hill),2
2019-09-13,Brentwood,0,Orchard Farm,1
2019-09-13,Branson,8,Osage,0
2019-09-13,Rock Bridge,2,Ozark,0
2019-09-13,Liberty North,1,Ozark,2
2019-09-13,Laquey,1,Parkview,6
2019-09-13,Hazelwood Central,0,Parkway North,1
2019-09-13,Lutheran North,0,Southern Boone,5
2019-09-13,Gateway Science Charter,5,St. Clair,2
2019-09-13,John Burroughs,5,St. Pius X (Festus),0
2019-09-13,Dixon,3,Willard,1
2019-09-13,North Technical,0,University City,6
2019-09-13,Trinity Catholic,5,Valley Park,0
2019-09-13,Capital City,8,Warrensburg,6
2019-09-13,Liberty (Wentzville),3,Webb City,0
2019-09-14,Crocker,0,Aurora,8
2019-09-14,West Plains,0,Aurora,1
2019-09-14,Joplin,4,Aurora,1
2019-09-14,St. Pius X (Kansas City),1,Belton,6
2019-09-14,Pattonville,2,Blue Springs,0
2019-09-14,Lee's Summit,1,Blue Springs South,0
2019-09-14,Warrensburg,1,Boonville,0
2019-09-14,Capital City,1,Boonville,2
2019-09-14,Battle,0,Branson,3
2019-09-14,Hillcrest,0,Cassville,1
2019-09-14,St. Paul Lutheran (Concordia),2,Clinton,1
2019-09-14,Francis Howell Central,1,De Smet Jesuit,2
2019-09-14,Guadalupe Centers Charter,9,Excelsior Springs,1
2019-09-14,Webster Groves,5,Father Tolton,0
2019-09-14,Priory,3,Ft. Zumwalt West,0
2019-09-14,Jefferson City,2,Glendale,1
2019-09-14,Missouri Military Academy,1,Hannibal,4
2019-09-14,Camdenton,0,Helias Catholic,6
2019-09-14,Missouri Military Academy,1,Hickman,8
2019-09-14,Fulton,0,Hillsboro,8
2019-09-14,St. Dominic,0,Holt,3
2019-09-14,Parkview,0,Jefferson City,8
2019-09-14,West Plains,1,Joplin,2
2019-09-14,Liberty (Wentzville),4,Laquey,0
2019-09-14,Battle,0,Lebanon,2
2019-09-14,Branson,7,Lebanon,1
2019-09-14,Rockhurst,3,Lee's Summit West,2
2019-09-14,Lutheran North,1,Maplewood-Richmond Hts.,2
2019-09-14,Kearney,8,Maryville,0
2019-09-14,Pattonville,3,Monett,1
2019-09-14,Central (Springfield),0,Northwest (Cedar Hill),4
2019-09-14,Willard,0,Northwest (Cedar Hill),3
2019-09-14,Vianney,1,Oakville,2
2019-09-14,Battle,0,Osage,1
2019-09-14,Lebanon,1,Osage,4
2019-09-14,East (Kansas City),1,Ozark,2
2019-09-14,Webb City,4,Parkview,1
2019-09-14,Central (Springfield),5,Poplar Bluff,2
2019-09-14,Willard,5,Poplar Bluff,4
2019-09-14,Sacred Heart,0,Raytown,1
2019-09-14,Liberty North,0,Rock Bridge,6
2019-09-14,East (Kansas City),1,Rock Bridge,4
2019-09-14,Hannibal,0,Southern Boone,6
2019-09-14,Hickman,1,Southern Boone,3
2019-09-14,Capital City,5,Summit Christian Academy,3
2019-09-14,Summit Christian Academy,2,Warrensburg,2
2019-09-14,Laquey,0,Webb City,1
2019-09-14,Crocker,0,West Plains,8
2019-09-16,Dixon,8,Belle,0
2019-09-16,Lafayette (St. Joseph),0,Belton,8
2019-09-16,St. Michael the Archangel,1,Bishop LeBlond,0
2019-09-16,Park Hill,1,Blue Springs South,0
2019-09-16,Crossroads College Preparatory,0,Brentwood,8
2019-09-16,STEAM Academy,2,Cardinal Ritter,3
2019-09-16,Soldan International Studies,9,Carnahan,0
2019-09-16,Marshfield,2,Cassville,0
2019-09-16,MICDS,1,Clayton,2
2019-09-16,Fatima,9,Crocker,1
2019-09-16,Ft. Zumwalt South,3,Eureka,1
2019-09-16,Kirkwood,3,Francis Howell Central,1
2019-09-16,Lutheran (Kansas City),1,Grandview,6
2019-09-16,Orchard Farm,5,Hazelwood Central,0
2019-09-16,Lutheran St. Charles,7,Hazelwood East,1
2019-09-16,Central (Springfield),0,Kickapoo,3
2019-09-16,Willard,0,Knob Noster,3
2019-09-16,Raymore-Peculiar,1,Lee's Summit North,3
2019-09-16,Staley,0,Liberty,3
2019-09-16,Helias Catholic,2,Lincoln College Prep,3
2019-09-16,Hazelwood West,8,Maplewood-Richmond Hts.,0
2019-09-16,North Technical,1,McCluer,3
2019-09-16,Gateway,3,McKinley Classical Leadership,1
2019-09-16,Mexico,3,Moberly,4
2019-09-16,Aurora,0,Monett,1
2019-09-16,Pleasant Hill,0,Northeast (Kansas City),5
2019-09-16,St. Francis Borgia,1,Northwest (Cedar Hill),9
2019-09-16,Smithville,1,Oak Grove,1
2019-09-16,Clinton,4,Odessa,0
2019-09-16,St. Clair,0,Pacific,8
2019-09-16,Central (St. Joseph),0,Park Hill South,1
2019-09-16,Ritenour,0,Parkway South,4
2019-09-16,Seckman,2,Pattonville,4
2019-09-16,Lindbergh,7,Perryville,1
2019-09-16,Fort Osage,2,Platte County,3
2019-09-16,Chaminade College Prep,1,Rockwood Summit,3
2019-09-16,North Kansas City,8,Ruskin,0
2019-09-16,Jefferson City,3,Southern Boone,1
2019-09-16,Harrisonville,2,St. Pius X (Kansas City),0
2019-09-16,Liberty North,1,St. Charles,2
2019-09-16,Lutheran North,0,University City,8
2019-09-16,Metro,9,Waynesville,0
2019-09-16,St. Dominic,4,Veritas Christian Academy,0
2019-09-16,Waynesville,4,West Plains,1
2019-09-17,Pacific,2,Affton,1
2019-09-17,Hancock,0,Bayless,8
2019-09-17,Osage,2,Bolivar,5
2019-09-17,Battle,0,Boonville,2
2019-09-17,Joplin,2,Branson,5
2019-09-17,Glendale,7,Camdenton,1
2019-09-17,Excelsior Springs,8,Cameron,0
2019-09-17,Webb City,4,Carl Junction,0
2019-09-17,Willard,2,Carthage,5
2019-09-17,St. Pius X (Kansas City),2,Center,6
2019-09-17,Sikeston,0,Central (Cape Girardeau),6
2019-09-17,Knob Noster,2,Chillicothe,4
2019-09-17,SLUH,3,Christian Brothers College,0
2019-09-17,Iberia,8,Crocker,3
2019-09-17,Vianney,2,De Smet Jesuit,3
2019-09-17,Hillsboro,6,DeSoto,1
2019-09-17,Richland,2,Dixon,5
2019-09-17,Gateway Science Charter,4,Duchesne,3
2019-09-17,Cassville,0,Fair Grove,2
2019-09-17,North County,3,Farmington,2
2019-09-17,Troy Buchanan,2,Francis Howell Central,0
2019-09-17,Timberland,3,Ft. Zumwalt East,0
2019-09-17,Liberty (Wentzville),0,Ft. Zumwalt South,3
2019-09-17,Francis Howell,2,Ft. Zumwalt West,1
2019-09-17,Willard,2,Green Ridge,4
2019-09-17,Moberly,3,Hannibal,6
2019-09-17,Parkway Central,4,Hazelwood West,3
2019-09-17,Francis Howell North,1,Holt,4
2019-09-17,Lebanon,1,Kickapoo,0
2019-09-17,John Burroughs,4,Ladue Horton Watkins,1
2019-09-17,West Plains,8,Lafayette (St. Joseph),0
2019-09-17,Parkway South,1,Lafayette (Wildwood),2
2019-09-17,Springfield Catholic,5,Logan-Rogersville,4
2019-09-17,Guadalupe Centers Charter,8,Lutheran (Kansas City),0
2019-09-17,Whitfield,0,Lutheran South,2
2019-09-17,St. Francis Borgia,2,Lutheran St. Charles,0
2019-09-17,Fulton,0,Marshall,8
2019-09-17,Monett,4,McDonald County,3
2019-09-17,Kirksville,3,Mexico,0
2019-09-17,Capital City,1,Missouri Military Academy,3
2019-09-17,Raytown South,3,Northeast (Kansas City),2
2019-09-17,Seckman,1,Northwest (Cedar Hill),6
2019-09-17,Van Horn,7,Oak Grove,0
2019-09-17,Nixa,2,Ozark,3
2019-09-17,Fox,1,Parkway West,4
2019-09-17,Festus,0,Perryville,8
2019-09-17,Parkview,0,Rolla,8
2019-09-17,Warrensburg,0,Savannah,5
2019-09-17,Winfield,0,St. Charles West,7
2019-09-17,St. Dominic,1,Webster Groves,3
2019-09-17,Windsor (Imperial),2,St. Pius X (Festus),3
2019-09-17,Valley Park,1,Webb City,4
2019-09-17,Aurora,3,Thomas Jefferson Independent Day,4
2019-09-17,Waynesville,2,Union,3
2019-09-17,Ft. Zumwalt North,2,Washington,1
2019-09-17,Marquette,1,Webster Groves,3
2019-09-17,Priory,2,Westminster Christian Academy,0
2019-09-17,Oak Park,3,William Chrisman,2
2019-09-17,Grain Valley,10,Winnetonka,1
2019-09-18,Fox,0,Bayless,7
2019-09-18,West Plains,0,Belton,1
2019-09-18,Savannah,1,Benton,4
2019-09-18,Hancock,5,Brentwood,2
2019-09-18,Rock Bridge,0,Cole Camp,3
2019-09-18,Lebanon,8,Crocker,0
2019-09-18,Valley Park,0,DeSoto,3
2019-09-18,St. Charles West,6,Duchesne,3
2019-09-18,St. Pius X (Festus),4,Festus,0
2019-09-18,Warrenton,0,Ft. Zumwalt North,8
2019-09-18,Guadalupe Centers Charter,4,Grandview,0
2019-09-18,Odessa,0,Harrisonville,3
2019-09-18,Lutheran North,2,Hazelwood Central,7
2019-09-18,North Technical,3,Hazelwood East,4
2019-09-18,Savannah,0,Hickman,1
2019-09-18,Rolla,0,Jefferson City,5
2019-09-18,Central (St. Joseph),0,Lee's Summit,7
2019-09-18,Blue Springs South,2,Lee's Summit West,3
2019-09-18,Lutheran St. Charles,0,McCluer,2
2019-09-18,Windsor (Imperial),0,Mehlville,4
2019-09-18,Ritenour,0,MICDS,3
2019-09-18,Fredericktown,0,North County,5
2019-09-18,Raytown,2,North Kansas City,8
2019-09-18,Fort Osage,1,Oak Park,5
2019-09-18,Raymore-Peculiar,0,Park Hill,2
2019-09-18,Fair Grove,1,Parkview,4
2019-09-18,Parkway West,4,Parkway South,3
2019-09-18,Clayton,2,Pattonville,0
2019-09-18,Pleasant Hill,3,Raytown South,4
2019-09-18,Cristo Rey,2,Ruskin,3
2019-09-18,Jackson,2,Seckman,3
2019-09-18,Ft. Zumwalt East,2,St. Charles,1
2019-09-18,St. Clair,0,St. Francis Borgia,8
2019-09-18,Liberty,2,St. Charles,0
2019-09-18,Webb City,0,Union,1
2019-09-18,Orchard Farm,7,University City,0
2019-09-18,Smithville,1,Van Horn,2
2019-09-18,Parkway North,0,Westminster Christian Academy,1
2019-09-18,Veritas Christian Academy,9,Winfield,1
2019-09-19,Van Horn,4,Belton,0
2019-09-19,Maryville,0,Bishop LeBlond,5
2019-09-19,Hillcrest,0,Bolivar,7
2019-09-19,Marshall,2,Boonville,1
2019-09-19,Hancock,5,Brentwood,2
2019-09-19,Harrisonville,1,Carthage,2
2019-09-19,Clinton,1,Center,2
2019-09-19,Cassville,0,Central (Springfield),8
2019-09-19,Vianney,5,Christian Brothers College,3
2019-09-19,Affton,0,Clayton,7
2019-09-19,SLUH,0,De Smet Jesuit,3
2019-09-19,Veritas Christian Academy,3,Duchesne,2
2019-09-19,Lincoln College Prep,4,East (Kansas City),5
2019-09-19,Webster Groves,0,Eureka,2
2019-09-19,Notre Dame (Cape Girardeau),6,Farmington,1
2019-09-19,Rock Bridge,0,Francis Howell,2
2019-09-19,Liberty (Wentzville),1,Ft. Zumwalt North,2
2019-09-19,Osage,7,Fulton,0
2019-09-19,Kearney,0,Grain Valley,3
2019-09-19,Ritenour,1,Hazelwood West,5
2019-09-19,Fatima,1,Helias Catholic,3
2019-09-19,Perryville,5,Hillsboro,0
2019-09-19,Francis Howell Central,0,Holt,2
2019-09-19,St. Paul Lutheran (Concordia),6,Knob Noster,0
2019-09-19,Oakville,0,Ladue Horton Watkins,2
2019-09-19,Pleasant Hill,9,Lafayette (St. Joseph),0
2019-09-19,Mehlville,1,Lafayette (Wildwood),2
2019-09-19,Marquette,1,Lindbergh,2
2019-09-19,Webb City,2,Logan-Rogersville,4
2019-09-19,Waynesville,0,McKinley Classical Leadership,11
2019-09-19,Gateway Science Charter,4,Metro,5
2019-09-19,Joplin,1,Monett,8
2019-09-19,Kickapoo,1,Ozark,4
2019-09-19,Republic,3,Parkview,0
2019-09-19,Parkway North,0,Parkway Central,3
2019-09-19,Central (Cape Girardeau),8,Poplar Bluff,0
2019-09-19,Guadalupe Centers Charter,7,Raytown South,1
2019-09-19,St. Dominic,0,Rockwood Summit,1
2019-09-19,Green Ridge,1,Sacred Heart,2
2019-09-19,Cole Camp,1,Smithton,2
2019-09-19,Warrenton,1,St. Charles,8
2019-09-19,Belle,1,St. Clair,9
2019-09-19,Park Hill South,3,Staley,2
2019-09-19,Cardinal Ritter,3,STEAM Academy,0
2019-09-19,Fair Grove,2,Willard,1
2019-09-19,Ft. Zumwalt South,3,Timberland,0
2019-09-19,Ft. Zumwalt West,3,Troy Buchanan,2
2019-09-19,Lone Jack,2,Warrensburg,1
2019-09-19,Camdenton,1,Waynesville,4
2019-09-19,Branson,6,West Plains,3
2019-09-19,North Kansas City,3,William Chrisman,2
2019-09-19,Fox,2,Windsor (Imperial),0
2019-09-19,Platte County,8,Winnetonka,0
2019-09-20,Crossroads College Preparatory,1,Barstow,7
2019-09-20,Southern Boone,2,Bayless,1
2019-09-20,Wright City,8,Belle,0
2019-09-20,St. Michael the Archangel,1,Bishop DuBourg,0
2019-09-20,Frontier STEM,8,Central (Kansas City),0
2019-09-20,Moberly,1,Chillicothe,1
2019-09-20,Green Ridge,11,Crocker,5
2019-09-20,St. Dominic,1,Francis Howell,0
2019-09-20,Collegiate School of Med-Bio Science,2,Gateway,1
2019-09-20,Oak Park,0,Glendale,7
2019-09-20,Hazelwood East,0,Hazelwood Central,6
2019-09-20,Pembroke Hill,0,John Burroughs,3
2019-09-20,Mexico,1,Kirksville,4
2019-09-20,Hancock,2,Maplewood-Richmond Hts.,0
2019-09-20,Lutheran North,3,North Technical,0
2019-09-20,Union,1,Northwest (Cedar Hill),3
2019-09-20,Lafayette (Wildwood),2,Oakville,0
2019-09-20,Westminster Christian Academy,1,Parkway West,0
2019-09-20,Lindbergh,1,Pattonville,2
2019-09-20,Republic,4,Poplar Bluff,1
2019-09-20,Capital City,2,Poplar Bluff,0
2019-09-20,Francis Howell North,4,Ritenour,1
2019-09-20,Rock Bridge,2,Rockwood Summit,6
2019-09-20,Republic,1,Rolla,3
2019-09-20,Capital City,0,Rolla,8
2019-09-20,St. Pius X (Festus),0,Springfield Catholic,5
2019-09-20,Ft. Zumwalt East,3,Washington,0
2019-09-21,Principia,1,Barstow,2
2019-09-21,Oak Park,2,Carthage,1
2019-09-21,Mexico,3,Chillicothe,2
2019-09-21,Kirksville,8,Chillicothe,3
2019-09-21,De Smet Jesuit,1,Christian Brothers College,1
2019-09-21,Rockwood Summit,2,Francis Howell,2
2019-09-21,Washington,0,Ft. Zumwalt South,7
2019-09-21,Chaminade College Prep,5,Ft. Zumwalt West,1
2019-09-21,Barstow,1,Gateway Science Charter,0
2019-09-21,Sacred Heart,1,Greenwood,0
2019-09-21,Ozark,4,Helias Catholic,0
2019-09-21,Battle,0,Hillsboro,3
2019-09-21,Bayless,0,John Burroughs,4
2019-09-21,Moberly,2,Kirksville,3
2019-09-21,Moberly,1,Mexico,1
2019-09-21,Grandview,0,Oak Grove,1
2019-09-21,Rolla,3,Poplar Bluff,0
2019-09-21,Capital City,1,Republic,2
2019-09-21,St. Dominic,1,Rock Bridge,5
2019-09-21,Vianney,1,SLUH,2
2019-09-21,Lutheran (Kansas City),0,Smithville,5
2019-09-21,Pembroke Hill,0,Southern Boone,3
2019-09-21,Trinity Catholic,0,Springfield Catholic,5
2019-09-21,Webb City,1,St. Charles West,2
2019-09-21,Father Tolton,0,Webster Groves,4
2019-09-21,St. Michael the Archangel,4,St. Pius X (Festus),1
2019-09-21,Liberty (Wentzville),3,Timberland,2
2019-09-21,Guadalupe Centers Charter,3,Van Horn,4
2019-09-21,Priory,1,Webster Groves,2
2019-09-21,MICDS,5,Whitfield,0
2019-09-23,Southern Boone,4,Battle,0
2019-09-23,Fort Osage,1,Belton,4
2019-09-23,Lee's Summit North,2,Blue Springs,1
2019-09-23,St. Pius X (Festus),2,Brentwood,1
2019-09-23,Benton,8,Cameron,0
2019-09-23,McKinley Classical Leadership,9,Carnahan,0
2019-09-23,Oak Grove,4,Center,3
2019-09-23,Ladue Horton Watkins,0,Clayton,1
2019-09-23,Warrensburg,0,Clinton,3
2019-09-23,Iberia,3,Cole Camp,2
2019-09-23,Soldan International Studies,8,Collegiate School of Med-Bio Science,0
2019-09-23,Belle,7,Crocker,6
2019-09-23,Seckman,4,DeSoto,1
2019-09-23,Missouri Military Academy,1,Fatima,2
2019-09-23,Lindbergh,1,Fox,2
2019-09-23,Hillsboro,3,Fredericktown,2
2019-09-23,Raytown South,2,Grandview,1
2019-09-23,Staley,0,Harrisonville,1
2019-09-23,Fair Grove,1,Hillcrest,0
2019-09-23,Parkway Central,1,Kirkwood,6
2019-09-23,Liberty,1,Liberty North,0
2019-09-23,Pembroke Hill,8,Lincoln College Prep,1
2019-09-23,Aurora,0,Logan-Rogersville,5
2019-09-23,Cristo Rey,0,Lone Jack,2
2019-09-23,Orchard Farm,2,Lutheran St. Charles,0
2019-09-23,Monett,2,Marshfield,1
2019-09-23,Knob Noster,1,Odessa,3
2019-09-23,Smithville,0,Park Hill,0
2019-09-23,St. Charles,2,Park Hill South,3
2019-09-23,Duchesne,1,Parkway North,2
2019-09-23,Chaminade College Prep,1,Parkway West,0
2019-09-23,Kearney,1,Platte County,4
2019-09-23,Lee's Summit West,1,Raymore-Peculiar,2
2019-09-23,Lebanon,8,Richland,1
2019-09-23,Mehlville,0,Rockwood Summit,2
2019-09-23,Maryville,5,Savannah,2
2019-09-23,Webb City,3,St. Charles,4
2019-09-23,Veritas Christian Academy,1,St. Charles,0
2019-09-23,Veritas Christian Academy,1,St. Charles West,3
2019-09-23,Windsor (Imperial),6,St. Clair,0
2019-09-23,Pacific,3,St. Francis Borgia,2
2019-09-23,St. Pius X (Kansas City),0,St. Michael the Archangel,3
2019-09-23,Lutheran North,2,Trinity Catholic,3
2019-09-23,Gateway,8,Waynesville,0
2019-09-23,Ritenour,0,Webster Groves,4
2019-09-23,Pattonville,2,Westminster Christian Academy,3
2019-09-23,Central (St. Joseph),6,William Chrisman,5
2019-09-24,University City,0,Affton,3
2019-09-24,Brentwood,1,Bayless,8
2019-09-24,Chillicothe,0,Benton,1
2019-09-24,Moberly,0,Boonville,8
2019-09-24,Ozark,7,Carl Junction,0
2019-09-24,Monett,2,Central (Springfield),1
2019-09-24,Priory,0,Christian Brothers College,1
2019-09-24,Dixon,0,Cole Camp,3
2019-09-24,Hancock,3,Crossroads College Preparatory,0
2019-09-24,Seckman,4,DeSoto,1
2019-09-24,Knob Noster,1,Excelsior Springs,6
2019-09-24,Greenwood,3,Fair Grove,0
2019-09-24,Webster Groves,2,Farmington,0
2019-09-24,Ruskin,2,Fort Osage,3
2019-09-24,Holt,0,Francis Howell,2
2019-09-24,Troy Buchanan,0,Francis Howell North,1
2019-09-24,Washington,4,Fredericktown,0
2019-09-24,Guadalupe Centers Charter,9,Frontier STEM,1
2019-09-24,Ft. Zumwalt South,4,Ft. Zumwalt East,0
2019-09-24,Timberland,1,Ft. Zumwalt North,4
2019-09-24,Francis Howell Central,2,Ft. Zumwalt West,1
2019-09-24,Kirksville,8,Fulton,0
2019-09-24,Platte County,1,Grain Valley,0
2019-09-24,Lone Jack,0,Grandview,3
2019-09-24,Bishop DuBourg,4,Hazelwood Central,2
2019-09-24,Capital City,0,Helias Catholic,8
2019-09-24,Camdenton,5,Hillcrest,1
2019-09-24,Poplar Bluff,0,Jackson,3
2019-09-24,Osage,0,Jefferson City,4
2019-09-24,Willard,3,Joplin,4
2019-09-24,William Chrisman,0,Kearney,1
2019-09-24,Pattonville,1,Lafayette (Wildwood),2
2019-09-24,Waynesville,3,Lebanon,1
2019-09-24,Staley,0,Lee's Summit,4
2019-09-24,Savannah,2,Lutheran (Kansas City),3
2019-09-24,SLUH,1,Marquette,0
2019-09-24,Logan-Rogersville,4,Marshfield,1
2019-09-24,Metro,4,McCluer,2
2019-09-24,Springfield Catholic,5,McDonald County,1
2019-09-24,Hannibal,3,Mexico,5
2019-09-24,Principia,0,MICDS,4
2019-09-24,Branson,1,Nixa,3
2019-09-24,Parkway Central,3,Northwest (Cedar Hill),1
2019-09-24,Sikeston,0,Notre Dame (Cape Girardeau),7
2019-09-24,North Kansas City,4,Oak Park,1
2019-09-24,Fox,1,Oakville,7
2019-09-24,Oak Grove,3,Odessa,0
2019-09-24,Kickapoo,8,Parkview,0
2019-09-24,Eureka,2,Parkway South,1
2019-09-24,St. Francis Borgia,1,Perryville,3
2019-09-24,Belton,3,Raytown,1
2019-09-24,Winnetonka,2,Raytown South,5
2019-09-24,Carthage,3,Republic,2
2019-09-24,McCluer North,0,Ritenour,3
2019-09-24,Hickman,1,Rock Bridge,3
2019-09-24,Willard,0,Sacred Heart,7
2019-09-24,Pleasant Hill,3,St. Paul Lutheran (Concordia),4
2019-09-24,Maplewood-Richmond Hts.,0,Valley Park,5
2019-09-24,East (Kansas City),2,Van Horn,3
2019-09-24,De Smet Jesuit,3,Vianney,0
2019-09-24,St. Michael the Archangel,4,Warrensburg,2
2019-09-24,Rolla,2,West Plains,3
2019-09-24,Parkway North,0,Whitfield,3
2019-09-24,Warrenton,3,Winfield,2
2019-09-25,Crossroads College Preparatory,0,Bayless,8
2019-09-25,Lafayette (St. Joseph),0,Benton,8
2019-09-25,Blue Springs,3,Blue Springs South,2
2019-09-25,Liberty North,1,Central (St. Joseph),2
2019-09-25,Pembroke Hill,6,East (Kansas City),7
2019-09-25,Winfield,0,Festus,6
2019-09-25,Hazelwood West,0,Ft. Zumwalt North,5
2019-09-25,Grain Valley,1,Grandview,0
2019-09-25,Cristo Rey,1,Guadalupe Centers Charter,9
2019-09-25,Park Hill,7,Harrisonville,0
2019-09-25,Orchard Farm,8,Hazelwood East,0
2019-09-25,Washington,1,Hillsboro,5
2019-09-25,Crocker,1,Iberia,7
2019-09-25,Kirkwood,3,Ladue Horton Watkins,2
2019-09-25,Raymore-Peculiar,0,Lee's Summit,6
2019-09-25,St. Pius X (Kansas City),1,Lee's Summit West,3
2019-09-25,Lee's Summit North,1,Liberty,0
2019-09-25,Lafayette (Wildwood),1,Lindbergh,4
2019-09-25,Timberland,3,Mehlville,3
2019-09-25,Union,1,North County,4
2019-09-25,Hancock,3,North Technical,0
2019-09-25,Staley,3,Smithville,1
2019-09-25,Gateway Science Charter,0,Soldan International Studies,4
2019-09-25,St. Charles West,3,St. Charles,1
2019-09-25,St. Francis Borgia,2,Webster Groves,6
2019-09-25,Veritas Christian Academy,1,Webb City,1
2019-09-25,Lutheran St. Charles,0,University City,2
2019-09-25,John Burroughs,4,Westminster Christian Academy,0
2019-09-25,Affton,0,Windsor (Imperial),4
2019-09-25,St. Clair,0,Wright City,2
2019-09-26,Pembroke Hill,2,Barstow,0
2019-09-26,Southern Boone,7,Belle,0
2019-09-26,William Chrisman,1,Belton,2
2019-09-26,Winfield,3,Canton,4
2019-09-26,Moberly,2,Capital City,3
2019-09-26,Collegiate School of Med-Bio Science,8,Carnahan,0
2019-09-26,McDonald County,0,Carthage,6
2019-09-26,St. Michael the Archangel,3,Center,0
2019-09-26,Republic,0,Central (Springfield),1
2019-09-26,Park Hill South,3,Central (St. Joseph),0
2019-09-26,Branson,8,Clinton,0
2019-09-26,Chaminade College Prep,2,De Smet Jesuit,1
2019-09-26,Oak Grove,0,Excelsior Springs,3
2019-09-26,Richland,2,Fair Grove,10
2019-09-26,Boonville,1,Fatima,0
2019-09-26,Raytown,2,Fort Osage,1
2019-09-26,Francis Howell North,2,Francis Howell Central,1
2019-09-26,Knob Noster,5,Frontier STEM,4
2019-09-26,Holt,3,Ft. Zumwalt West,0
2019-09-26,West Plains,0,Glendale,5
2019-09-26,Odessa,3,Green Ridge,2
2019-09-26,Fulton,1,Hannibal,3
2019-09-26,Smithville,2,Harrisonville,2
2019-09-26,Winnetonka,0,Kearney,5
2019-09-26,Marshall,1,Kirksville,4
2019-09-26,Ft. Zumwalt East,0,Liberty (Wentzville),2
2019-09-26,Sacred Heart,1,Lone Jack,0
2019-09-26,Hazelwood East,0,McCluer,3
2019-09-26,Lutheran North,1,McCluer North,3
2019-09-26,Roosevelt,1,McKinley Classical Leadership,2
2019-09-26,Kirkwood,3,Mehlville,2
2019-09-26,Lutheran South,0,MICDS,4
2019-09-26,Waynesville,0,Nixa,1
2019-09-26,Summit Christian Academy,0,Northeast (Kansas City),3
2019-09-26,Ruskin,2,Oak Park,5
2019-09-26,Webster Groves,2,Oakville,0
2019-09-26,Valley Park,1,Orchard Farm,8
2019-09-26,Lebanon,3,Osage,2
2019-09-26,Parkview,0,Ozark,9
2019-09-26,Staley,1,Park Hill,1
2019-09-26,Hazelwood West,1,Parkway South,4
2019-09-26,Fox,0,Pattonville,3
2019-09-26,Raytown South,2,Platte County,6
2019-09-26,Sikeston,0,Poplar Bluff,4
2019-09-26,Bishop DuBourg,0,Principia,3
2019-09-26,Affton,2,Ritenour,1
2019-09-26,Chillicothe,2,Savannah,1
2019-09-26,Clayton,2,Seckman,1
2019-09-26,Monett,1,Springfield Catholic,2
2019-09-26,Bishop LeBlond,4,St. Pius X (Kansas City),3
2019-09-26,Gateway Science Charter,7,STEAM Academy,0
2019-09-26,Duchesne,3,Trinity Catholic,0
2019-09-26,Hazelwood Central,0,University City,2
2019-09-26,SLUH,2,Vianney,1
2019-09-26,Bolivar,3,Warrensburg,0
2019-09-26,Thomas Jefferson Independent Day,1,Webb City,4
2019-09-26,Laquey,3,Willard,7
2019-09-26,Brentwood,2,Windsor (Imperial),3
2019-09-26,Union,1,Wright City,0
2019-09-27,Parkview,2,Aurora,3
2019-09-27,Smithton,5,Belle,0
2019-09-27,Bolivar,1,Camdenton,3
2019-09-27,Father Tolton,0,Carthage,2
2019-09-27,Oakville,0,Christian Brothers College,1
2019-09-27,Logan-Rogersville,3,Clinton,1
2019-09-27,Troy Buchanan,2,Ft. Zumwalt East,1
2019-09-27,St. Dominic,4,Ft. Zumwalt West,3
2019-09-27,Ft. Zumwalt North,6,Hazelwood Central,0
2019-09-27,Parkway South,3,Hickman,0
2019-09-27,Richland,3,Iberia,2
2019-09-27,Parkway West,1,Jackson,1
2019-09-27,Joplin,0,Jefferson City,4
2019-09-27,Parkway Central,0,Lafayette (Wildwood),0
2019-09-27,Crocker,3,Laquey,10
2019-09-27,Crossroads College Preparatory,2,Maplewood-Richmond Hts.,0
2019-09-27,Battle,0,North County,2
2019-09-27,McCluer,5,North Technical,2
2019-09-27,Rolla,3,Parkway North,0
2019-09-27,Lutheran St. Charles,0,Principia,2
2019-09-27,Helias Catholic,1,Savannah,1
2019-09-27,Metro,3,Soldan International Studies,6
2019-09-27,Whitfield,4,St. Pius X (Festus),3
2019-09-27,Brentwood,2,Valley Park,1
2019-09-27,SLUH,4,Van Horn,1
2019-09-28,Warrensburg,0,Camdenton,2
2019-09-28,Branson,9,Camdenton,1
2019-09-28,Savannah,4,Carthage,3
2019-09-28,Greenwood,5,Cassville,1
2019-09-28,Odessa,1,Cassville,0
2019-09-28,Vianney,0,Chaminade College Prep,4
2019-09-28,Warrensburg,0,Clinton,3
2019-09-28,Fredericktown,1,DeSoto,0
2019-09-28,Canton,0,Festus,7
2019-09-28,Christian Brothers College,0,Ft. Zumwalt South,3
2019-09-28,Marshall,1,Hannibal,2
2019-09-28,Father Tolton,2,Helias Catholic,0
2019-09-28,Parkway Central,2,Hickman,0
2019-09-28,Parkway North,1,Hickman,2
2019-09-28,Parkway Central,0,Jackson,3
2019-09-28,Parkway South,3,Jackson,4
2019-09-28,North County,0,Jefferson City,4
2019-09-28,Battle,1,Joplin,3
2019-09-28,Parkway North,0,Lafayette (Wildwood),7
2019-09-28,Parkway West,0,Lafayette (Wildwood),3
2019-09-28,Branson,5,Logan-Rogersville,0
2019-09-28,Bolivar,2,Logan-Rogersville,1
2019-09-28,John Burroughs,5,MICDS,1
2019-09-28,Hazelwood West,1,Northwest (Cedar Hill),3
2019-09-28,Rolla,1,Parkway South,1
2019-09-28,Rolla,3,Parkway West,0
2019-09-28,Farmington,0,Priory,2
2019-09-28,Pleasant Hill,2,Sacred Heart,1
2019-09-28,Washington,0,Seckman,1
2019-09-30,Lutheran South,3,Bayless,5
2019-09-30,Clinton,2,Boonville,0
2019-09-30,Wright City,1,Capital City,5
2019-09-30,Staley,4,Central (St. Joseph),1
2019-09-30,McKinley Classical Leadership,9,Collegiate School of Med-Bio Science,1
2019-09-30,Fair Grove,3,Dixon,2
2019-09-30,De Smet Jesuit,1,Eureka,2
2019-09-30,Mexico,0,Fatima,3
2019-09-30,Fredericktown,6,Festus,3
2019-09-30,Liberty (Wentzville),2,Fox,0
2019-09-30,Oakville,1,Francis Howell Central,5
2019-09-30,Ft. Zumwalt East,0,Ft. Zumwalt North,1
2019-09-30,Ritenour,1,Hazelwood Central,2
2019-09-30,Father Tolton,2,Hickman,1
2019-09-30,Christian Brothers College,1,Kirkwood,2
2019-09-30,Lindbergh,2,Ladue Horton Watkins,2
2019-09-30,Camdenton,2,Laquey,1
2019-09-30,Liberty,0,Lee's Summit,6
2019-09-30,Lee's Summit West,1,Lee's Summit North,0
2019-09-30,Park Hill South,3,Liberty North,1
2019-09-30,Lafayette (St. Joseph),0,Maryville,8
2019-09-30,Winfield,1,North Technical,2
2019-09-30,Timberland,2,Northwest (Cedar Hill),0
2019-09-30,Hillsboro,2,Pacific,3
2019-09-30,Blue Springs,0,Park Hill,1
2019-09-30,Blue Springs South,1,Raymore-Peculiar,2
2019-09-30,Glendale,2,Rolla,3
2019-09-30,Gateway,4,Roosevelt,3
2019-09-30,Cameron,0,Savannah,9
2019-09-30,Grandview,0,Smithville,4
2019-09-30,Webb City,0,Southern Boone,7
2019-09-30,Carl Junction,0,Springfield Catholic,3
2019-09-30,Hazelwood West,6,St. Charles West,2
2019-09-30,North Kansas City,6,St. Pius X (Kansas City),1
2019-09-30,Trinity Catholic,1,Troy Buchanan,5
2019-09-30,Oak Park,4,St. Charles,2
2019-09-30,Carnahan,8,Waynesville,1
2019-09-30,St. Charles,1,Veritas Christian Academy,4
2019-09-30,Parkview,0,Waynesville,3
2019-09-30,Vianney,3,Webster Groves,0
2019-09-30,Monett,0,Willard,5
2019-10-01,Van Horn,3,Barstow,1
2019-10-01,Marshall,2,Battle,1
2019-10-01,Washington,1,Bayless,1
2019-10-01,Laquey,8,Belle,0
2019-10-01,Willard,2,Branson,1
2019-10-01,Maplewood-Richmond Hts.,0,Brentwood,3
2019-10-01,Nixa,6,Carl Junction,0
2019-10-01,Logan-Rogersville,6,Cassville,0
2019-10-01,Savannah,1,Center,4
2019-10-01,Poplar Bluff,3,Central (Cape Girardeau),10
2019-10-01,Parkview,1,Central (Springfield),6
2019-10-01,Green Ridge,1,Cole Camp,2
2019-10-01,Perryville,8,DeSoto,0
2019-10-01,MICDS,6,Duchesne,0
2019-10-01,Odessa,0,Excelsior Springs,5
2019-10-01,North Kansas City,3,Fort Osage,0
2019-10-01,Trinity Catholic,0,Fox,3
2019-10-01,Vianney,1,Francis Howell Central,1
2019-10-01,Ft. Zumwalt South,5,Francis Howell North,0
2019-10-01,Moberly,5,Fulton,3
2019-10-01,Kearney,4,Grandview,3
2019-10-01,Marshfield,0,Greenwood,1
2019-10-01,McCluer North,0,Hazelwood Central,4
2019-10-01,Guadalupe Centers Charter,8,Helias Catholic,0
2019-10-01,Ft. Zumwalt West,2,Holt,3
2019-10-01,Willard,2,Iberia,3
2019-10-01,Savannah,0,Jefferson City,2
2019-10-01,Hillcrest,1,Kickapoo,4
2019-10-01,Chillicothe,2,Kirksville,6
2019-10-01,Lindbergh,1,Kirkwood,3
2019-10-01,Christian Brothers College,3,Ladue Horton Watkins,1
2019-10-01,Bolivar,1,Lebanon,2
2019-10-01,Summit Christian Academy,0,Lone Jack,3
2019-10-01,Sacred Heart,3,Lutheran (Kansas City),0
2019-10-01,Webster Groves,3,Mehlville,3
2019-10-01,Southern Boone,4,Mexico,0
2019-10-01,Hannibal,1,Missouri Military Academy,0
2019-10-01,Gateway Science Charter,8,North Technical,0
2019-10-01,Pleasant Hill,1,Oak Grove,2
2019-10-01,Webster Groves,2,Oakville,0
2019-10-01,Fatima,0,Osage,2
2019-10-01,Webb City,0,Ozark,7
2019-10-01,Francis Howell,2,Parkway Central,1
2019-10-01,SLUH,1,Parkway South,0
2019-10-01,Westminster Christian Academy,3,Principia,0
2019-10-01,Lutheran North,1,Priory,6
2019-10-01,William Chrisman,2,Raytown,3
2019-10-01,Grain Valley,4,Raytown South,3
2019-10-01,Joplin,2,Republic,1
2019-10-01,Pattonville,0,Rockwood Summit,3
2019-10-01,Belton,8,Ruskin,0
2019-10-01,Jackson,8,Sikeston,0
2019-10-01,Platte County,3,Smithville,1
2019-10-01,Lutheran St. Charles,1,St. Charles,6
2019-10-01,Farmington,3,St. Francis Borgia,2
2019-10-01,Collegiate School of Med-Bio Science,5,STEAM Academy,1
2019-10-01,McDonald County,7,Thomas Jefferson Independent Day,4
2019-10-01,Liberty (Wentzville),3,Troy Buchanan,1
2019-10-01,St. Clair,0,Union,8
2019-10-01,McCluer,1,University City,5
2019-10-01,Hancock,1,Valley Park,2
2019-10-01,St. Charles West,5,Warrenton,0
2019-10-01,Festus,2,Windsor (Imperial),1
2019-10-01,Orchard Farm,8,Winfield,0
2019-10-01,Cristo Rey,2,Winnetonka,1
2019-10-02,John Burroughs,7,Bishop DuBourg,1
2019-10-02,St. Pius X (Kansas City),8,Cameron,0
2019-10-02,University City,2,Festus,0
2019-10-02,Troy Buchanan,5,Fox,2
2019-10-02,Webster Groves,3,Francis Howell Central,2
2019-10-02,Waynesville,2,Glendale,3
2019-10-02,East (Kansas City),5,Grain Valley,5
2019-10-02,Windsor (Imperial),2,Hancock,1
2019-10-02,Ladue Horton Watkins,0,Kirkwood,3
2019-10-02,Parkway West,2,Lafayette (Wildwood),3
2019-10-02,Park Hill South,1,Lee's Summit,6
2019-10-02,Staley,0,Liberty North,1
2019-10-02,Christian Brothers College,0,Lindbergh,2
2019-10-02,Clinton,1,Lone Jack,2
2019-10-02,Vianney,0,Oakville,2
2019-10-02,Rolla,3,Pacific,2
2019-10-02,Lee's Summit West,3,Park Hill,0
2019-10-02,Francis Howell,2,Parkway Central,1
2019-10-02,De Smet Jesuit,0,Priory,3
2019-10-02,Blue Springs,0,Raymore-Peculiar,3
2019-10-02,Metro,7,Roosevelt,1
2019-10-02,Westminster Christian Academy,2,St. Dominic,3
2019-10-02,Hazelwood East,5,STEAM Academy,1
2019-10-02,Liberty (Wentzville),3,Trinity Catholic,0
2019-10-02,Central (St. Joseph),0,St. Charles,2
2019-10-02,St. Clair,0,Valley Park,5
2019-10-02,Webb City,2,Warrenton,1
2019-10-02,Lutheran South,0,Washington,0
2019-10-02,Maplewood-Richmond Hts.,0,Whitfield,8
2019-10-03,Marshfield,3,Aurora,1
2019-10-03,Troy Buchanan,1,Bayless,3
2019-10-03,St. Michael the Archangel,1,Belton,2
2019-10-03,Osage,0,Boonville,1
2019-10-03,Collegiate School of Med-Bio Science,4,Cardinal Ritter,3
2019-10-03,Lebanon,1,Central (Springfield),2
2019-10-03,St. Paul Lutheran (Concordia),3,Chillicothe,1
2019-10-03,Sacred Heart,2,Cole Camp,0
2019-10-03,Iberia,10,Crocker,4
2019-10-03,Lutheran North,2,Crossroads College Preparatory,3
2019-10-03,St. Dominic,7,Father Tolton,2
2019-10-03,St. Charles West,3,Ft. Zumwalt East,1
2019-10-03,Ft. Zumwalt North,3,Ft. Zumwalt South,6
2019-10-03,Francis Howell North,1,Ft. Zumwalt West,4
2019-10-03,Soldan International Studies,4,Gateway,3
2019-10-03,Springfield Catholic,2,Glendale,1
2019-10-03,Lincoln College Prep,3,Harrisonville,2
2019-10-03,McCluer,1,Hazelwood Central,6
2019-10-03,McCluer North,5,Hazelwood East,1
2019-10-03,Savannah,2,Kickapoo,0
2019-10-03,Vianney,0,Kirkwood,3
2019-10-03,Smithton,1,Knob Noster,4
2019-10-03,Cameron,1,Lafayette (St. Joseph),3
2019-10-03,Park Hill South,1,Lee's Summit,6
2019-10-03,Nixa,0,Lee's Summit West,1
2019-10-03,Ozark,0,Liberty,1
2019-10-03,Webster Groves,2,Lindbergh,1
2019-10-03,Duchesne,1,Lutheran St. Charles,2
2019-10-03,Bishop LeBlond,1,Maryville,2
2019-10-03,Metro,1,McKinley Classical Leadership,2
2019-10-03,SLUH,1,Mehlville,0
2019-10-03,Helias Catholic,1,Mexico,2
2019-10-03,Marshall,4,Moberly,0
2019-10-03,Republic,0,Monett,3
2019-10-03,Lone Jack,0,Northeast (Kansas City),4
2019-10-03,Warrensburg,2,Oak Grove,3
2019-10-03,Kearney,3,Oak Park,2
2019-10-03,Union,0,Pacific,1
2019-10-03,Blue Springs South,2,Park Hill,0
2019-10-03,Webster Groves,0,Parkway South,1
2019-10-03,Parkway North,2,Pattonville,4
2019-10-03,Blue Springs,1,Pembroke Hill,2
2019-10-03,Staley,3,Platte County,4
2019-10-03,Excelsior Springs,1,Pleasant Hill,6
2019-10-03,North Kansas City,1,Raytown,0
2019-10-03,Smithville,1,Raytown South,3
2019-10-03,Dixon,9,Richland,1
2019-10-03,Parkway Central,6,Ritenour,0
2019-10-03,Marquette,0,Rock Bridge,1
2019-10-03,Eureka,1,Rockwood Summit,4
2019-10-03,Winfield,1,St. Charles,9
2019-10-03,DeSoto,5,St. Clair,1
2019-10-03,Perryville,5,St. Pius X (Festus),0
2019-10-03,Fair Grove,1,Thomas Jefferson Independent Day,0
2019-10-03,Orchard Farm,7,Warrenton,0
2019-10-03,Liberty (Wentzville),2,Washington,0
2019-10-03,Ruskin,0,William Chrisman,6
2019-10-03,Grandview,3,Winnetonka,2
2019-10-04,Southern Boone,4,Barstow,1
2019-10-04,Maplewood-Richmond Hts.,0,Bayless,8
2019-10-04,Liberty (Wentzville),2,Bayless,0
2019-10-04,Hannibal,1,Camdenton,0
2019-10-04,Osage,1,Carl Junction,0
2019-10-04,Webb City,3,Clinton,0
2019-10-04,Valley Park,2,Crossroads College Preparatory,3
2019-10-04,Union,8,Fulton,0
2019-10-04,Savannah,1,Glendale,0
2019-10-04,Kearney,2,Harrisonville,3
2019-10-04,Willard,7,Hillcrest,0
2019-10-04,Webb City,2,Hillsboro,4
2019-10-04,Soldan International Studies,1,Holt,9
2019-10-04,Laquey,1,Iberia,2
2019-10-04,Principia,1,John Burroughs,6
2019-10-04,Lee's Summit West,5,Kickapoo,2
2019-10-04,Summit Christian Academy,0,Kirksville,3
2019-10-04,Webster Groves,1,Kirkwood,2
2019-10-04,Oak Park,2,Lincoln College Prep,1
2019-10-04,Bolivar,0,Logan-Rogersville,1
2019-10-04,Orchard Farm,8,Lutheran North,0
2019-10-04,Parkway South,4,Mehlville,3
2019-10-04,Missouri Military Academy,2,Mexico,1
2019-10-04,Fatima,3,Moberly,0
2019-10-04,Springfield Catholic,1,Nixa,2
2019-10-04,Northeast (Kansas City),0,Pembroke Hill,3
2019-10-04,St. Pius X (Festus),0,Priory,6
2019-10-04,Crocker,4,Richland,8
2019-10-04,Ft. Zumwalt East,0,Rockwood Summit,8
2019-10-04,Webster Groves,0,SLUH,1
2019-10-04,St. Paul Lutheran (Farmington),0,The Fulton School,6
2019-10-04,Roosevelt,10,Waynesville,0
2019-10-04,Hazelwood Central,0,Whitfield,3
2019-10-05,Affton,1,Bayless,6
2019-10-05,East (Kansas City),1,Belton,0
2019-10-05,Fulton,0,Camdenton,2
2019-10-05,Summit Christian Academy,2,Camdenton,3
2019-10-05,Hillsboro,2,Carl Junction,1
2019-10-05,Moberly,0,Carl Junction,3
2019-10-05,St. Charles West,0,Central (Cape Girardeau),3
2019-10-05,Hillcrest,1,Clinton,5
2019-10-05,Marshfield,2,Clinton,2
2019-10-05,Iberia,1,Dixon,5
2019-10-05,Marquette,3,Eureka,0
2019-10-05,Jackson,4,Farmington,1
2019-10-05,Kirksville,7,Fulton,0
2019-10-05,Lee's Summit West,1,Glendale,0
2019-10-05,St. Michael the Archangel,2,Grain Valley,2
2019-10-05,Webb City,1,Hannibal,2
2019-10-05,Fatima,0,Hannibal,2
2019-10-05,Bolivar,4,Hillcrest,2
2019-10-05,Kirksville,0,Hillsboro,2
2019-10-05,Springfield Catholic,0,Kickapoo,2
2019-10-05,Webb City,1,Logan-Rogersville,0
2019-10-05,Bolivar,0,Marshfield,1
2019-10-05,Union,8,Moberly,0
2019-10-05,Perryville,1,Notre Dame (Cape Girardeau),2
2019-10-05,Webb City,1,Osage,4
2019-10-05,Summit Christian Academy,2,Osage,7
2019-10-05,Laquey,4,Richland,1
2019-10-05,De Smet Jesuit,1,Rockhurst,2
2019-10-05,Marshall,0,Sacred Heart,4
2019-10-05,Nixa,2,Savannah,1
2019-10-05,Southern Boone,3,St. Pius X (Kansas City),0
2019-10-05,Fatima,0,Union,1
2019-10-05,Battle,1,Waynesville,3
2019-10-05,Willard,3,Webb City,2
2019-10-07,Cassville,2,Aurora,1
2019-10-07,Veritas Christian Academy,2,Bishop DuBourg,1
2019-10-07,Lee's Summit West,1,Blue Springs,0
2019-10-07,Clayton,8,Brentwood,1
2019-10-07,Southern Boone,8,Canton,0
2019-10-07,Osage,2,Capital City,1
2019-10-07,Liberty,3,Central (St. Joseph),0
2019-10-07,Harrisonville,1,Clinton,2
2019-10-07,Waynesville,0,Collegiate School of Med-Bio Science,9
2019-10-07,Warrenton,2,Fatima,4
2019-10-07,Affton,4,Fox,2
2019-10-07,Ozark,1,Greenwood,2
2019-10-07,Van Horn,2,Guadalupe Centers Charter,3
2019-10-07,Trinity Catholic,4,Hazelwood Central,1
2019-10-07,West Plains,1,Kickapoo,5
2019-10-07,Rockwood Summit,5,Kirkwood,2
2019-10-07,Oak Grove,5,Knob Noster,0
2019-10-07,Lafayette (Wildwood),1,Ladue Horton Watkins,0
2019-10-07,Fair Grove,1,Lebanon,5
2019-10-07,Blue Springs South,3,Lee's Summit North,5
2019-10-07,Lee's Summit,8,Liberty North,0
2019-10-07,Mexico,3,Marshall,4
2019-10-07,Eureka,3,Mehlville,2
2019-10-07,Gateway,4,Metro,3
2019-10-07,Jackson,4,North County,2
2019-10-07,Park Hill,4,North Kansas City,1
2019-10-07,Valley Park,9,North Technical,1
2019-10-07,East (Kansas City),6,Northeast (Kansas City),1
2019-10-07,Center,4,Odessa,1
2019-10-07,Platte County,1,Park Hill South,0
2019-10-07,Hazelwood West,0,Pattonville,2
2019-10-07,Rockhurst,2,Pembroke Hill,0
2019-10-07,Ruskin,1,Raytown,3
2019-10-07,St. Charles,3,Ritenour,2
2019-10-07,Carnahan,1,Roosevelt,7
2019-10-07,Lafayette (St. Joseph),0,Savannah,7
2019-10-07,Parkway West,3,Seckman,1
2019-10-07,Pacific,8,St. Clair,1
2019-10-07,Lutheran North,5,St. Paul Lutheran (Farmington),1
2019-10-07,St. Charles,2,Staley,6
2019-10-07,Sacred Heart,5,Willard,0
2019-10-07,Lutheran (Kansas City),0,Summit Christian Academy,8
2019-10-07,Hillcrest,3,Thomas Jefferson Independent Day,5
2019-10-07,Hancock,0,University City,4
2019-10-07,Rolla,3,Waynesville,0
2019-10-08,Raytown,0,Belton,1
2019-10-08,Maryville,2,Benton,1
2019-10-08,Frontier STEM,3,Bishop LeBlond,4
2019-10-08,Fulton,1,Boonville,8
2019-10-08,Ozark,3,Branson,2
2019-10-08,Carl Junction,0,Carthage,2
2019-10-08,McDonald County,4,Cassville,0
2019-10-08,Knob Noster,6,Center,5
2019-10-08,Savannah,1,Clinton,0
2019-10-08,Brentwood,2,Crossroads College Preparatory,3
2019-10-08,Bishop DuBourg,4,Duchesne,2
2019-10-08,Crocker,0,Fair Grove,8
2019-10-08,DeSoto,2,Festus,5
2019-10-08,Hazelwood West,2,Fox,3
2019-10-08,Ft. Zumwalt West,0,Francis Howell,3
2019-10-08,Holt,4,Francis Howell North,0
2019-10-08,St. Pius X (Festus),0,Fredericktown,6
2019-10-08,Washington,0,Ft. Zumwalt North,2
2019-10-08,Winnetonka,1,Grain Valley,8
2019-10-08,Willard,2,Green Ridge,3
2019-10-08,Kirksville,1,Hannibal,0
2019-10-08,Hazelwood East,0,Hazelwood Central,8
2019-10-08,Father Tolton,0,Helias Catholic,2
2019-10-08,Farmington,0,Hillsboro,1
2019-10-08,Nixa,3,Joplin,2
2019-10-08,Webster Groves,3,Lafayette (Wildwood),2
2019-10-08,Lebanon,3,Laquey,2
2019-10-08,Ft. Zumwalt South,5,Liberty (Wentzville),0
2019-10-08,Rockwood Summit,2,Lindbergh,0
2019-10-08,Principia,3,Maplewood-Richmond Hts.,0
2019-10-08,Bolivar,1,Marshfield,2
2019-10-08,University City,5,McCluer North,2
2019-10-08,Gateway Science Charter,2,McKinley Classical Leadership,1
2019-10-08,Logan-Rogersville,3,Monett,4
2019-10-08,Cristo Rey,4,Northeast (Kansas City),6
2019-10-08,Excelsior Springs,2,Oak Grove,1
2019-10-08,William Chrisman,2,Oak Park,3
2019-10-08,Warrensburg,2,Odessa,3
2019-10-08,St. Charles,3,Orchard Farm,4
2019-10-08,Webb City,1,Pacific,2
2019-10-08,Smithville,1,Park Hill,3
2019-10-08,Fort Osage,1,Platte County,4
2019-10-08,Harrisonville,2,Pleasant Hill,3
2019-10-08,Notre Dame (Cape Girardeau),4,Poplar Bluff,0
2019-10-08,Grandview,1,Raytown South,2
2019-10-08,Webb City,3,Republic,0
2019-10-08,Jefferson City,2,Rock Bridge,0
2019-10-08,Hickman,0,Rockhurst,8
2019-10-08,Christian Brothers College,0,SLUH,1
2019-10-08,Union,6,St. Clair,1
2019-10-08,St. Francis Borgia,3,St. Dominic,1
2019-10-08,Oakville,0,Webster Groves,2
2019-10-08,Lone Jack,0,St. Paul Lutheran (Concordia),2
2019-10-08,Ft. Zumwalt East,0,Timberland,5
2019-10-08,Francis Howell Central,4,Troy Buchanan,1
2019-10-08,Bayless,8,Valley Park,0
2019-10-08,Summit Christian Academy,0,Van Horn,8
2019-10-08,Warrenton,0,Veritas Christian Academy,7
2019-10-08,Parkview,2,West Plains,3
2019-10-08,MICDS,1,Westminster Christian Academy,2
2019-10-08,Trinity Catholic,0,Whitfield,3
2019-10-08,Lutheran South,3,Windsor (Imperial),2
2019-10-08,St. Charles West,8,Winfield,0
2019-10-09,Affton,1,Bayless,5
2019-10-09,Grain Valley,1,Blue Springs,0
2019-10-09,Lafayette (St. Joseph),3,Cameron,2
2019-10-09,Smithton,1,Cole Camp,1
2019-10-09,North Technical,1,Collegiate School of Med-Bio Science,4
2019-10-09,Metro,4,Crossroads College Preparatory,2
2019-10-09,Windsor (Imperial),1,DeSoto,0
2019-10-09,Iberia,0,Dixon,4
2019-10-09,Northwest (Cedar Hill),0,Eureka,1
2019-10-09,Parkway North,1,Fox,3
2019-10-09,Sacred Heart,2,Green Ridge,0
2019-10-09,Maplewood-Richmond Hts.,1,Hancock,4
2019-10-09,Glendale,1,Kickapoo,0
2019-10-09,St. Charles,5,Liberty North,4
2019-10-09,Bishop LeBlond,4,Lutheran (Kansas City),1
2019-10-09,Lutheran North,2,Lutheran South,7
2019-10-09,Orchard Farm,9,McCluer,1
2019-10-09,Gateway Science Charter,1,Missouri Military Academy,5
2019-10-09,Smithville,0,North Kansas City,2
2019-10-09,Fort Osage,0,Park Hill South,8
2019-10-09,Central (Cape Girardeau),1,Perryville,0
2019-10-09,Lee's Summit North,2,Raymore-Peculiar,1
2019-10-09,Hickman,0,Rockhurst,8
2019-10-09,Hillcrest,0,Rolla,4
2019-10-09,Benton,1,Savannah,0
2019-10-09,North County,2,Seckman,5
2019-10-09,Liberty,0,Staley,1
2019-10-09,Union,0,Washington,1
2019-10-10,St. Paul Lutheran (Concordia),1,Barstow,1
2019-10-10,Liberty North,1,Belton,0
2019-10-10,Willard,1,Bolivar,2
2019-10-10,Rock Bridge,2,Capital City,2
2019-10-10,Northeast (Kansas City),3,Central (Kansas City),0
2019-10-10,Osage,3,Clinton,1
2019-10-10,Roosevelt,2,Collegiate School of Med-Bio Science,0
2019-10-10,Hancock,3,Crossroads College Preparatory,2
2019-10-10,MICDS,0,De Smet Jesuit,4
2019-10-10,Benton,0,Excelsior Springs,2
2019-10-10,Christian Brothers College,1,Francis Howell North,0
2019-10-10,Notre Dame (Cape Girardeau),3,Fredericktown,0
2019-10-10,Liberty (Wentzville),1,Ft. Zumwalt East,1
2019-10-10,Francis Howell,2,Ft. Zumwalt South,3
2019-10-10,West Plains,3,Hillcrest,0
2019-10-10,Moberly,3,Kirksville,11
2019-10-10,Camdenton,1,Lebanon,0
2019-10-10,Lee's Summit North,1,Lee's Summit,2
2019-10-10,Park Hill South,3,North Kansas City,1
2019-10-10,Central (St. Joseph),1,Oak Park,2
2019-10-10,Whitfield,6,Orchard Farm,2
2019-10-10,Platte County,1,Park Hill,0
2019-10-10,Frontier STEM,1,Pembroke Hill,5
2019-10-10,Warrensburg,1,Pleasant Hill,7
2019-10-10,John Burroughs,1,Priory,2
2019-10-10,Kearney,0,Raytown South,1
2019-10-10,North County,3,Sikeston,1
2019-10-10,St. Michael the Archangel,0,Savannah,2
2019-10-10,Fort Osage,1,Smithville,3
2019-10-10,Fatima,0,Southern Boone,1
2019-10-10,St. Charles,3,St. Charles West,1
2019-10-10,Webster Groves,0,St. Dominic,0
2019-10-10,Hillsboro,1,St. Pius X (Festus),0
2019-10-10,Chillicothe,1,St. Pius X (Kansas City),3
2019-10-10,Holt,3,Troy Buchanan,0
2019-10-10,Hazelwood East,0,University City,8
2019-10-10,Rockwood Summit,3,Vianney,0
2019-10-10,Blue Springs South,3,William Chrisman,2
2019-10-11,Joplin,6,Carl Junction,0
2019-10-11,Barstow,1,Carthage,6
2019-10-11,Rock Bridge,3,Central (Cape Girardeau),0
2019-10-11,Kickapoo,0,Chaminade College Prep,3
2019-10-11,Green Ridge,4,Cole Camp,0
2019-10-11,Holt,3,Ft. Zumwalt North,2
2019-10-11,East (Kansas City),2,Hickman,1
2019-10-11,Winfield,0,Lutheran St. Charles,2
2019-10-11,Frontier STEM,6,Maryville,0
2019-10-11,University City,3,Metro,0
2019-10-11,St. Charles,2,Monett,4
2019-10-11,St. Pius X (Festus),0,Notre Dame (Cape Girardeau),6
2019-10-11,Duchesne,0,Priory,3
2019-10-11,Sacred Heart,0,Smithton,1
2019-10-11,Fatima,0,Southern Boone,1
2019-10-11,Washington,1,St. Francis Borgia,4
2019-10-11,Westminster Christian Academy,4,Veritas Christian Academy,0
2019-10-11,Kirkwood,2,Webster Groves,1
2019-10-12,Webb City,3,Carl Junction,0
2019-10-12,Pembroke Hill,2,Carthage,1
2019-10-12,East (Kansas City),2,Central (Cape Girardeau),1
2019-10-12,Glendale,4,Central (Springfield),1
2019-10-12,East (Kansas City),1,Francis Howell,4
2019-10-12,Hickman,1,Francis Howell,9
2019-10-12,St. Charles,0,Ft. Zumwalt South,5
2019-10-12,Monett,1,Ft. Zumwalt South,9
2019-10-12,Central (Cape Girardeau),2,Hickman,1
2019-10-12,Clayton,0,John Burroughs,1
2019-10-12,Webb City,2,Joplin,1
2019-10-12,Marquette,2,Kickapoo,1
2019-10-12,St. Paul Lutheran (Concordia),6,Maryville,0
2019-10-12,Rock Bridge,2,Monett,1
2019-10-12,Vianney,4,Oakville,0
2019-10-12,Ladue Horton Watkins,3,Parkway West,0
2019-10-12,Eureka,0,SLUH,3
2019-10-12,Battle,0,Timberland,5
2019-10-12,Rock Bridge,4,St. Charles,0
2019-10-14,Iberia,3,Belle,2
2019-10-14,Benton,1,Bishop LeBlond,2
2019-10-14,Kearney,0,Blue Springs,4
2019-10-14,Lee's Summit West,2,Blue Springs South,1
2019-10-14,Willard,1,Bolivar,2
2019-10-14,Lee's Summit,3,Central (St. Joseph),0
2019-10-14,Webster Groves,2,Chaminade College Prep,1
2019-10-14,Pleasant Hill,2,Clinton,0
2019-10-14,Dixon,8,Crocker,0
2019-10-14,Bayless,8,Crossroads College Preparatory,0
2019-10-14,Laquey,0,Fatima,5
2019-10-14,St. Paul Lutheran (Farmington),0,Festus,7
2019-10-14,Belton,2,Fort Osage,1
2019-10-14,St. Dominic,1,Francis Howell Central,2
2019-10-14,Platte County,2,Grandview,0
2019-10-14,Capital City,0,Hannibal,3
2019-10-14,Duchesne,1,Hazelwood West,3
2019-10-14,Greenwood,4,Hillcrest,1
2019-10-14,Liberty (Wentzville),1,Holt,2
2019-10-14,Helias Catholic,1,Jefferson City,5
2019-10-14,Branson,3,Kickapoo,2
2019-10-14,Chillicothe,6,Lafayette (St. Joseph),0
2019-10-14,Westminster Christian Academy,2,Lafayette (Wildwood),5
2019-10-14,Rolla,4,Lebanon,0
2019-10-14,St. Charles,1,Liberty,5
2019-10-14,Rockhurst,0,Liberty North,1
2019-10-14,Smithton,1,Lone Jack,2
2019-10-14,North Technical,2,Lutheran North,5
2019-10-14,Affton,1,Lutheran South,5
2019-10-14,Trinity Catholic,2,Lutheran St. Charles,3
2019-10-14,Hancock,5,McCluer,0
2019-10-14,Carnahan,0,Metro,8
2019-10-14,Fulton,0,Mexico,8
2019-10-14,Webb City,0,Northwest (Cedar Hill),5
2019-10-14,Staley,0,Park Hill South,1
2019-10-14,John Burroughs,1,Parkway Central,1
2019-10-14,Clayton,0,Parkway West,1
2019-10-14,Jackson,3,Perryville,1
2019-10-14,Park Hill,2,Raymore-Peculiar,4
2019-10-14,Farmington,4,Sikeston,1
2019-10-14,Moberly,0,Southern Boone,7
2019-10-14,Whitfield,6,St. Charles West,1
2019-10-14,Warrensburg,2,Summit Christian Academy,1
2019-10-14,William Chrisman,0,Van Horn,6
2019-10-14,Orchard Farm,4,Veritas Christian Academy,1
2019-10-14,St. Clair,0,Washington,5
2019-10-15,Springfield Catholic,3,Aurora,0
2019-10-15,Hancock,0,Bayless,5
2019-10-15,Crocker,1,Belle,6
2019-10-15,Oak Park,2,Belton,3
2019-10-15,MICDS,4,Bishop DuBourg,0
2019-10-15,Republic,1,Branson,2
2019-10-15,Valley Park,2,Brentwood,3
2019-10-15,Parkview,2,Camdenton,7
2019-10-15,Bishop LeBlond,8,Cameron,0
2019-10-15,Savannah,1,Center,0
2019-10-15,Notre Dame (Cape Girardeau),0,Central (Cape Girardeau),1
2019-10-15,West Plains,0,Central (Springfield),6
2019-10-15,Rockwood Summit,3,Christian Brothers College,0
2019-10-15,Cardinal Ritter,0,Collegiate School of Med-Bio Science,1
2019-10-15,Frontier STEM,6,Cristo Rey,3
2019-10-15,Maplewood-Richmond Hts.,0,Crossroads College Preparatory,3
2019-10-15,St. Pius X (Festus),2,DeSoto,0
2019-10-15,Oakville,0,Eureka,3
2019-10-15,Logan-Rogersville,2,Fair Grove,0
2019-10-15,Francis Howell North,2,Francis Howell,3
2019-10-15,Washington,1,Ft. Zumwalt East,2
2019-10-15,Timberland,0,Ft. Zumwalt South,1
2019-10-15,Troy Buchanan,1,Ft. Zumwalt West,0
2019-10-15,Smithton,3,Green Ridge,2
2019-10-15,Cassville,0,Greenwood,3
2019-10-15,Oak Grove,0,Harrisonville,2
2019-10-15,Pattonville,5,Hazelwood Central,0
2019-10-15,STEAM Academy,0,Hazelwood East,3
2019-10-15,Westminster Christian Academy,3,Hazelwood West,1
2019-10-15,Webster Groves,0,John Burroughs,3
2019-10-15,Ozark,7,Joplin,1
2019-10-15,Grain Valley,3,Kearney,2
2019-10-15,Waynesville,1,Kickapoo,2
2019-10-15,Mexico,1,Kirksville,4
2019-10-15,Lindbergh,2,Kirkwood,0
2019-10-15,Chillicothe,6,Lafayette (St. Joseph),0
2019-10-15,Duchesne,0,Lafayette (Wildwood),5
2019-10-15,Ft. Zumwalt North,1,Liberty (Wentzville),0
2019-10-15,Knob Noster,4,Lutheran (Kansas City),3
2019-10-15,Ladue Horton Watkins,2,Marquette,1
2019-10-15,McDonald County,0,Marshfield,1
2019-10-15,Guadalupe Centers Charter,8,Maryville,0
2019-10-15,Hannibal,1,Moberly,2
2019-10-15,William Chrisman,2,North Kansas City,1
2019-10-15,Wright City,4,North Technical,0
2019-10-15,Lee's Summit North,0,Park Hill,1
2019-10-15,Chaminade College Prep,2,Parkway Central,0
2019-10-15,Parkway West,5,Parkway North,0
2019-10-15,Northwest (Cedar Hill),2,Parkway South,5
2019-10-15,Winnetonka,0,Platte County,8
2019-10-15,MICDS,2,Priory,3
2019-10-15,Fox,0,Ritenour,2
2019-10-15,Battle,0,Rock Bridge,3
2019-10-15,Raytown,3,Ruskin,1
2019-10-15,Affton,0,Seckman,8
2019-10-15,Raytown South,2,Smithville,1
2019-10-15,Father Tolton,2,St. Francis Borgia,5
2019-10-15,Blue Springs,3,St. Michael the Archangel,1
2019-10-15,Boonville,1,St. Paul Lutheran (Concordia),6
2019-10-15,Lee's Summit,4,Staley,0
2019-10-15,Cole Camp,6,Willard,2
2019-10-15,Pacific,1,Webb City,0
2019-10-15,Barstow,8,Summit Christian Academy,0
2019-10-15,Lutheran St. Charles,3,Trinity Catholic,2
2019-10-15,Festus,4,Union,1
2019-10-15,Webster Groves,5,Vianney,1
2019-10-15,Excelsior Springs,6,Warrensburg,1
2019-10-15,St. Charles,6,Warrenton,0
2019-10-15,Carthage,0,Webb City,1
2019-10-15,Nixa,1,Willard,0
2019-10-15,Hillsboro,2,Windsor (Imperial),1
2019-10-16,Pembroke Hill,1,Blue Springs South,5
2019-10-16,McCluer North,1,Brentwood,3
2019-10-16,De Smet Jesuit,5,Christian Brothers College,0
2019-10-16,Parkway South,2,Clayton,3
2019-10-16,North County,4,DeSoto,0
2019-10-16,Central (Kansas City),0,East (Kansas City),14
2019-10-16,Capital City,0,Father Tolton,4
2019-10-16,Holt,1,Francis Howell Central,2
2019-10-16,Hillcrest,0,Glendale,5
2019-10-16,Lone Jack,0,Guadalupe Centers Charter,6
2019-10-16,Central (Cape Girardeau),0,Jackson,2
2019-10-16,Savannah,2,Lafayette (St. Joseph),0
2019-10-16,Blue Springs,5,Lee's Summit North,0
2019-10-16,Raymore-Peculiar,1,Lee's Summit West,3
2019-10-16,Liberty North,0,Liberty,2
2019-10-16,Northeast (Kansas City),2,Lincoln College Prep,0
2019-10-16,Lutheran St. Charles,2,Lutheran North,0
2019-10-16,Pleasant Hill,6,Odessa,0
2019-10-16,Warrenton,1,Orchard Farm,6
2019-10-16,Monett,1,Ozark,5
2019-10-16,St. Charles,3,St. Charles West,1
2019-10-16,Dixon,6,St. Clair,2
2019-10-16,St. Pius X (Festus),2,St. Francis Borgia,3
2019-10-16,Park Hill South,2,St. Charles,1
2019-10-16,Winfield,0,University City,6
2019-10-16,Bishop DuBourg,2,Veritas Christian Academy,1
2019-10-16,Affton,1,Whitfield,6
2019-10-17,Pattonville,8,Affton,0
2019-10-17,Ruskin,0,Belton,7
2019-10-17,Trinity Catholic,0,Bishop DuBourg,3
2019-10-17,Lafayette (St. Joseph),1,Bishop LeBlond,3
2019-10-17,Parkview,2,Bolivar,1
2019-10-17,Kirksville,9,Canton,1
2019-10-17,Missouri Military Academy,4,Capital City,2
2019-10-17,Springfield Catholic,4,Cassville,0
2019-10-17,Lutheran (Kansas City),1,Center,5
2019-10-17,John Burroughs,1,Chaminade College Prep,0
2019-10-17,Benton,1,Chillicothe,3
2019-10-17,Collegiate School of Med-Bio Science,0,Crossroads College Preparatory,2
2019-10-17,Westminster Christian Academy,5,Duchesne,0
2019-10-17,Battle,2,Fatima,0
2019-10-17,Parkway South,6,Fox,0
2019-10-17,Troy Buchanan,2,Francis Howell,3
2019-10-17,Ft. Zumwalt West,2,Francis Howell North,0
2019-10-17,St. Dominic,0,Ft. Zumwalt South,3
2019-10-17,Southern Boone,6,Fulton,0
2019-10-17,Lebanon,0,Glendale,6
2019-10-17,Raytown South,2,Grain Valley,4
2019-10-17,Knob Noster,2,Green Ridge,6
2019-10-17,Mexico,1,Hannibal,3
2019-10-17,Excelsior Springs,2,Harrisonville,1
2019-10-17,University City,2,Hazelwood Central,1
2019-10-17,McCluer,4,Hazelwood East,1
2019-10-17,Lafayette (Wildwood),3,Hazelwood West,0
2019-10-17,Grandview,0,Kearney,5
2019-10-17,Oakville,0,Kirkwood,8
2019-10-17,Mehlville,0,Ladue Horton Watkins,3
2019-10-17,Eureka,1,Lindbergh,3
2019-10-17,McDonald County,2,Logan-Rogersville,1
2019-10-17,Priory,5,Lutheran South,0
2019-10-17,Helias Catholic,1,Marshall,2
2019-10-17,Lutheran North,0,MICDS,5
2019-10-17,Boonville,4,Moberly,2
2019-10-17,Carthage,1,Monett,2
2019-10-17,Hillsboro,1,North County,5
2019-10-17,Fort Osage,0,North Kansas City,5
2019-10-17,Laquey,2,Osage,8
2019-10-17,Windsor (Imperial),1,Parkway North,4
2019-10-17,Smithville,4,Platte County,2
2019-10-17,Warrensburg,0,Pleasant Hill,6
2019-10-17,Soldan International Studies,2,Principia,0
2019-10-17,Marshfield,1,Republic,3
2019-10-17,Central (Springfield),4,Rolla,3
2019-10-17,St. Paul Lutheran (Concordia),1,Sacred Heart,0
2019-10-17,Frontier STEM,4,Savannah,0
2019-10-17,Ritenour,0,Seckman,2
2019-10-17,Perryville,8,Sikeston,0
2019-10-17,Rock Bridge,2,Savannah,1
2019-10-17,Liberty (Wentzville),5,St. Charles,0
2019-10-17,Ft. Zumwalt North,2,St. Charles West,0
2019-10-17,St. Pius X (Festus),2,St. Francis Borgia,3
2019-10-17,Maryville,3,St. Pius X (Kansas City),5
2019-10-17,Smithton,6,Willard,1
2019-10-17,Dixon,1,Webb City,3
2019-10-17,Timberland,4,Washington,0
2019-10-17,Aurora,1,Webb City,3
2019-10-17,Rockwood Summit,2,Webster Groves,0
2019-10-17,Camdenton,3,West Plains,2
2019-10-17,Raytown,1,William Chrisman,3
2019-10-17,Union,3,Winfield,1
2019-10-18,Iberia,2,Belle,3
2019-10-18,Rockhurst,2,Chaminade College Prep,1
2019-10-18,Whitfield,2,Clayton,0
2019-10-18,Fair Grove,1,Cole Camp,0
2019-10-18,Lutheran St. Charles,1,Father Tolton,2
2019-10-18,Rockwood Summit,1,Ft. Zumwalt West,0
2019-10-18,Smithton,1,Green Ridge,3
2019-10-18,Waynesville,4,Harrisonville,2
2019-10-18,Metro,6,Hazelwood East,0
2019-10-18,Battle,1,Joplin,3
2019-10-18,Christian Brothers College,4,Kickapoo,0
2019-10-18,Lutheran South,0,Kirkwood,8
2019-10-18,Lee's Summit North,1,Lee's Summit,2
2019-10-18,Brentwood,3,Maplewood-Richmond Hts.,0
2019-10-18,Nixa,0,Marquette,1
2019-10-18,Vianney,1,Ozark,2
2019-10-18,Waynesville,0,Parkway Central,5
2019-10-18,Rolla,0,Parkway Central,2
2019-10-18,Seckman,1,Parkway North,0
2019-10-18,Springfield Catholic,3,Republic,0
2019-10-18,Lindbergh,1,SLUH,2
2019-10-18,Laquey,4,Willard,1
2019-10-18,Fatima,1,Union,2
2019-10-18,Hancock,2,Valley Park,1
2019-10-18,Fort Osage,1,William Chrisman,2
2019-10-19,Mexico,2,Chillicothe,1
2019-10-19,Smithton,2,Cole Camp,0
2019-10-19,Willard,2,Cole Camp,3
2019-10-19,SLUH,0,De Smet Jesuit,3
2019-10-19,West Plains,3,Dixon,1
2019-10-19,Laquey,2,Fair Grove,1
2019-10-19,Francis Howell,3,Francis Howell Central,1
2019-10-19,Vianney,2,Glendale,0
2019-10-19,St. Paul Lutheran (Concordia),1,Green Ridge,5
2019-10-19,Laquey,1,Green Ridge,5
2019-10-19,Rolla,1,Harrisonville,0
2019-10-19,Marquette,3,Jefferson City,0
2019-10-19,Rockhurst,7,Kickapoo,0
2019-10-19,Fulton,0,Kirksville,6
2019-10-19,Washington,0,Liberty (Wentzville),2
2019-10-19,Hickman,3,Marshall,1
2019-10-19,Christian Brothers College,3,Nixa,0
2019-10-19,Priory,1,Notre Dame (Cape Girardeau),0
2019-10-19,Waynesville,0,Parkway Central,5
2019-10-19,Iberia,2,Richland,1
2019-10-19,Parkway Central,2,Rolla,0
2019-10-19,Jackson,1,Webster Groves,0
2019-10-19,Duchesne,1,Veritas Christian Academy,5
2019-10-21,North Kansas City,3,Belton,4
2019-10-21,Blue Springs South,3,Blue Springs,2
2019-10-21,Monett,3,Bolivar,0
2019-10-21,Clinton,2,Camdenton,1
2019-10-21,Kirkwood,4,Clayton,0
2019-10-21,Gateway Science Charter,0,Crossroads College Preparatory,1
2019-10-21,Helias Catholic,0,East (Kansas City),5
2019-10-21,Kearney,6,Excelsior Springs,1
2019-10-21,Perryville,7,Fredericktown,1
2019-10-21,Rock Bridge,0,Ft. Zumwalt South,3
2019-10-21,Chillicothe,0,Hannibal,3
2019-10-21,Cassville,0,Hillcrest,2
2019-10-21,Lafayette (Wildwood),4,Holt,1
2019-10-21,Warrensburg,4,Knob Noster,3
2019-10-21,St. Charles,1,Lee's Summit,6
2019-10-21,Park Hill,2,Lee's Summit North,1
2019-10-21,Central (St. Joseph),1,Liberty North,2
2019-10-21,Cristo Rey,0,Lincoln College Prep,8
2019-10-21,Bishop DuBourg,3,Lutheran St. Charles,2
2019-10-21,Orchard Farm,8,Maplewood-Richmond Hts.,0
2019-10-21,Savannah,1,Maryville,2
2019-10-21,North Technical,0,McCluer North,6
2019-10-21,Moberly,1,Mexico,3
2019-10-21,Harrisonville,2,Oak Grove,1
2019-10-21,Liberty,1,Park Hill South,2
2019-10-21,Branson,5,Parkview,2
2019-10-21,Northwest (Cedar Hill),4,Parkway North,2
2019-10-21,Lee's Summit West,1,Pembroke Hill,0
2019-10-21,Oak Park,1,Platte County,3
2019-10-21,Lutheran South,1,Principia,0
2019-10-21,Laquey,8,Richland,2
2019-10-21,Brentwood,1,Ritenour,3
2019-10-21,Battle,0,Savannah,3
2019-10-21,Winnetonka,0,Smithville,7
2019-10-21,Father Tolton,1,Southern Boone,6
2019-10-21,Webb City,8,St. Clair,0
2019-10-21,MICDS,5,St. Francis Borgia,1
2019-10-21,Summit Christian Academy,0,St. Paul Lutheran (Concordia),5
2019-10-21,Crocker,4,Willard,7
2019-10-21,Lindbergh,2,Webster Groves,3
2019-10-21,Staley,4,William Chrisman,1
2019-10-21,Seckman,4,Windsor (Imperial),1
2019-10-22,Savannah,0,Bishop LeBlond,2
2019-10-22,Missouri Military Academy,0,Boonville,1
2019-10-22,Hancock,1,Brentwood,2
2019-10-22,Rolla,4,Camdenton,1
2019-10-22,Republic,0,Carl Junction,1
2019-10-22,Lincoln College Prep,6,Central (Kansas City),0
2019-10-22,Vianney,0,Christian Brothers College,2
2019-10-22,Knob Noster,0,Clinton,6
2019-10-22,Belle,1,Dixon,4
2019-10-22,Lutheran St. Charles,3,Duchesne,2
2019-10-22,Lafayette (Wildwood),0,Eureka,2
2019-10-22,Pleasant Hill,1,Excelsior Springs,0
2019-10-22,Marshfield,1,Fair Grove,0
2019-10-22,Ft. Zumwalt West,2,Francis Howell Central,0
2019-10-22,Ft. Zumwalt East,2,Ft. Zumwalt South,6
2019-10-22,Hannibal,5,Fulton,0
2019-10-22,Grandview,0,Grain Valley,3
2019-10-22,Summit Christian Academy,2,Green Ridge,4
2019-10-22,Francis Howell,3,Holt,2
2019-10-22,Lutheran North,0,John Burroughs,6
2019-10-22,Father Tolton,0,Kirksville,2
2019-10-22,St. Pius X (Kansas City),6,Lafayette (St. Joseph),1
2019-10-22,Parkview,1,Lebanon,3
2019-10-22,Ladue Horton Watkins,1,Lindbergh,4
2019-10-22,Westminster Christian Academy,5,Lutheran South,0
2019-10-22,Bayless,8,Maplewood-Richmond Hts.,0
2019-10-22,Kirkwood,1,Marquette,5
2019-10-22,University City,5,McCluer,3
2019-10-22,Hazelwood Central,3,McCluer North,2
2019-10-22,Aurora,0,McDonald County,3
2019-10-22,Carthage,2,Nixa,0
2019-10-22,Staley,2,North Kansas City,3
2019-10-22,Pacific,2,Northwest (Cedar Hill),6
2019-10-22,Ruskin,1,Oak Park,9
2019-10-22,Rockwood Summit,5,Oakville,1
2019-10-22,Harrisonville,5,Odessa,0
2019-10-22,Willard,1,Ozark,4
2019-10-22,Fox,2,Parkway Central,1
2019-10-22,Affton,0,Parkway North,8
2019-10-22,Seckman,2,Parkway South,1
2019-10-22,Hazelwood West,3,Parkway West,5
2019-10-22,Ritenour,0,Pattonville,2
2019-10-22,Lutheran (Kansas City),0,Pembroke Hill,7
2019-10-22,Farmington,1,Poplar Bluff,2
2019-10-22,Fort Osage,1,Raytown,2
2019-10-22,Platte County,4,Raytown South,3
2019-10-22,Capital City,1,Savannah,7
2019-10-22,Sacred Heart,4,Smithton,1
2019-10-22,St. Charles West,1,St. Charles,0
2019-10-22,Hillsboro,8,St. Clair,0
2019-10-22,De Smet Jesuit,2,St. Dominic,0
2019-10-22,North Technical,5,STEAM Academy,1
2019-10-22,Union,0,Webb City,1
2019-10-22,Ft. Zumwalt North,1,Timberland,2
2019-10-22,Francis Howell North,2,Troy Buchanan,1
2019-10-22,Crossroads College Preparatory,1,Valley Park,2
2019-10-22,Oak Grove,1,Warrensburg,0
2019-10-22,Winfield,0,Warrenton,7
2019-10-22,Liberty (Wentzville),3,Washington,0
2019-10-22,Springfield Catholic,3,Waynesville,2
2019-10-22,Branson,3,Webb City,1
2019-10-22,Logan-Rogersville,2,West Plains,0
2019-10-22,Kearney,3,Winnetonka,0
2019-10-22,Mexico,0,Wright City,3
2019-10-23,Hancock,0,Affton,1
2019-10-23,Cameron,1,Benton,8
2019-10-23,Park Hill,2,Blue Springs,1
2019-10-23,Raymore-Peculiar,0,Blue Springs South,2
2019-10-23,Fredericktown,1,Central (Cape Girardeau),7
2019-10-23,Hillcrest,0,Central (Springfield),7
2019-10-23,Webster Groves,3,Chaminade College Prep,2
2019-10-23,East (Kansas City),3,Guadalupe Centers Charter,0
2019-10-23,Cardinal Ritter,2,Hazelwood East,3
2019-10-23,Hickman,1,Helias Catholic,0
2019-10-23,Battle,1,Jefferson City,3
2019-10-23,Lee's Summit North,0,Lee's Summit West,1
2019-10-23,Whitfield,7,Lutheran North,0
2019-10-23,Veritas Christian Academy,7,Lutheran St. Charles,1
2019-10-23,Hazelwood West,10,McCluer,4
2019-10-23,St. Francis Borgia,1,Mehlville,2
2019-10-23,Gateway Science Charter,0,North County,6
2019-10-23,Jackson,1,Notre Dame (Cape Girardeau),2
2019-10-23,Washington,2,Pacific,1
2019-10-23,Liberty North,1,Park Hill South,2
2019-10-23,Parkway Central,3,Seckman,1
2019-10-23,Pembroke Hill,2,Smithville,0
2019-10-23,Westminster Christian Academy,3,St. Charles West,2
2019-10-23,Hillsboro,1,Webster Groves,2
2019-10-23,Central (St. Joseph),0,Staley,2
2019-10-23,Bishop DuBourg,1,Trinity Catholic,2
2019-10-23,Van Horn,3,St. Charles,1
2019-10-23,Maplewood-Richmond Hts.,0,University City,4
2019-10-23,St. Clair,1,Warrenton,2
2019-10-23,Perryville,5,Windsor (Imperial),0
2019-10-23,Festus,2,Winfield,1
2019-10-24,Parkway West,2,Affton,0
2019-10-24,Missouri Military Academy,0,Battle,1
2019-10-24,Principia,1,Bayless,5
2019-10-24,Aurora,1,Carl Junction,2
2019-10-24,Kearney,0,Central (St. Joseph),1
2019-10-24,Priory,3,Chaminade College Prep,2
2019-10-24,Savannah,0,Chillicothe,4
2019-10-24,Fredericktown,2,DeSoto,0
2019-10-24,Trinity Catholic,2,Duchesne,0
2019-10-24,Green Ridge,1,Fatima,2
2019-10-24,Northwest (Cedar Hill),4,Fox,0
2019-10-24,Timberland,1,Francis Howell,3
2019-10-24,Francis Howell Central,4,Francis Howell North,3
2019-10-24,Ft. Zumwalt North,2,Ft. Zumwalt East,1
2019-10-24,Smithville,1,Grandview,0
2019-10-24,Clayton,2,Hazelwood West,0
2019-10-24,Troy Buchanan,1,Holt,0
2019-10-24,McDonald County,1,Joplin,3
2019-10-24,Lone Jack,6,Knob Noster,2
2019-10-24,Maryville,8,Lafayette (St. Joseph),0
2019-10-24,Lee's Summit,1,Liberty,0
2019-10-24,Father Tolton,3,Marshall,2
2019-10-24,Hazelwood Central,4,McCluer,1
2019-10-24,Hazelwood East,1,McCluer North,6
2019-10-24,Kirkwood,3,MICDS,1
2019-10-24,Fulton,1,Moberly,2
2019-10-24,Oak Park,2,North Kansas City,4
2019-10-24,Mehlville,1,Oakville,0
2019-10-24,Excelsior Springs,2,Odessa,1
2019-10-24,Camdenton,1,Osage,2
2019-10-24,Parkway South,5,Pattonville,2
2019-10-24,Grain Valley,2,Platte County,3
2019-10-24,Bolivar,3,Republic,2
2019-10-24,Parkway North,2,Ritenour,1
2019-10-24,Marquette,1,Rockwood Summit,2
2019-10-24,Fort Osage,7,Ruskin,1
2019-10-24,St. Dominic,1,SLUH,2
2019-10-24,Boonville,0,Savannah,1
2019-10-24,Roosevelt,2,Soldan International Studies,5
2019-10-24,Sacred Heart,1,Southern Boone,3
2019-10-24,Orchard Farm,8,St. Charles,0
2019-10-24,Webster Groves,3,St. Francis Borgia,0
2019-10-24,Cristo Rey,0,St. Michael the Archangel,6
2019-10-24,Center,1,St. Paul Lutheran (Concordia),5
2019-10-24,Lutheran South,0,St. Pius X (Festus),1
2019-10-24,Benton,1,St. Pius X (Kansas City),2
2019-10-24,Pacific,1,Union,0
2019-10-24,Ft. Zumwalt West,2,Vianney,3
2019-10-24,Harrisonville,5,Warrensburg,0
2019-10-24,Hannibal,2,Warrenton,0
2019-10-24,Ft. Zumwalt South,9,Washington,1
2019-10-24,Ozark,5,West Plains,0
2019-10-24,Springfield Catholic,5,Willard,3
2019-10-24,Belton,3,William Chrisman,2
2019-10-24,Raytown South,8,Winnetonka,0
2019-10-25,Rockhurst,4,Blue Springs South,1
2019-10-25,Lafayette (Wildwood),2,Francis Howell Central,1
2019-10-25,Barstow,2,Guadalupe Centers Charter,5
2019-10-25,Poplar Bluff,1,Hickman,6
2019-10-25,Rock Bridge,4,Jackson,2
2019-10-25,Whitfield,0,John Burroughs,4
2019-10-25,Missouri Military Academy,0,Kirksville,5
2019-10-25,Eureka,0,Ladue Horton Watkins,1
2019-10-25,Camdenton,1,Lebanon,0
2019-10-25,Principia,4,Lutheran North,0
2019-10-25,Rock Bridge,2,North County,1
2019-10-25,Bayless,2,Notre Dame (Cape Girardeau),3
2019-10-25,Trinity Catholic,0,Orchard Farm,6
2019-10-25,Clayton,0,Parkway Central,2
2019-10-25,Webster Groves,3,Parkway West,1
2019-10-25,Northwest (Cedar Hill),5,Windsor (Imperial),1
2019-10-25,Warrenton,4,Wright City,1
2019-10-26,Jackson,2,Hickman,1
2019-10-26,Hannibal,1,Marshall,0
2019-10-26,Poplar Bluff,1,North County,2
2019-10-26,Ladue Horton Watkins,0,Rockwood Summit,4
2019-10-26,Holt,2,Timberland,3
2019-10-28,Lutheran St. Charles,0,Bishop DuBourg,1
2019-10-28,Raymore-Peculiar,1,Blue Springs,3
2019-10-28,Van Horn,3,Blue Springs South,0
2019-10-28,Central (Springfield),6,Branson,2
2019-10-28,Hazelwood East,0,Cardinal Ritter,2
2019-10-28,St. Charles,4,Central (St. Joseph),2
2019-10-28,Pacific,3,DeSoto,2
2019-10-28,Clayton,1,Ft. Zumwalt North,2
2019-10-28,SLUH,0,Ft. Zumwalt West,1
2019-10-28,Marshall,6,Fulton,0
2019-10-28,Oak Park,4,Grandview,0
2019-10-28,Thomas Jefferson Independent Day,1,Greenwood,6
2019-10-28,Troy Buchanan,2,Hannibal,1
2019-10-28,Pleasant Hill,0,Harrisonville,2
2019-10-28,Hickman,1,Helias Catholic,0
2019-10-28,Lutheran South,1,Hillsboro,3
2019-10-28,Smithton,1,Iberia,0
2019-10-28,Waynesville,0,Jefferson City,2
2019-10-28,Rockwood Summit,7,Lafayette (Wildwood),0
2019-10-28,Marshfield,0,Lebanon,2
2019-10-28,Rockhurst,5,Lee's Summit North,0
2019-10-28,Park Hill,0,Lee's Summit West,2
2019-10-28,Farmington,0,Lindbergh,8
2019-10-28,Center,3,Lone Jack,2
2019-10-28,Valley Park,2,Maplewood-Richmond Hts.,1
2019-10-28,Odessa,0,Oak Grove,4
2019-10-28,Lee's Summit,4,Park Hill South,0
2019-10-28,Joplin,5,Parkview,0
2019-10-28,Parkway South,2,Parkway Central,1
2019-10-28,Francis Howell North,2,Parkway North,3
2019-10-28,Pattonville,3,Parkway West,1
2019-10-28,Principia,2,Priory,4
2019-10-28,St. Pius X (Kansas City),6,Savannah,1
2019-10-28,Fox,2,Seckman,1
2019-10-28,Excelsior Springs,1,Smithville,2
2019-10-28,Carthage,1,Springfield Catholic,3
2019-10-28,Hazelwood West,2,St. Charles,4
2019-10-28,Chaminade College Prep,3,St. Dominic,1
2019-10-28,Bayless,5,St. Pius X (Festus),0
2019-10-28,Liberty North,2,Staley,3
2019-10-28,Knob Noster,2,Willard,1
2019-10-28,St. Francis Borgia,4,Webb City,3
2019-10-28,McCluer,2,Trinity Catholic,8
2019-10-28,Nixa,4,West Plains,0
2019-10-28,Orchard Farm,2,Whitfield,6
2019-10-28,Ruskin,4,Winnetonka,1
2019-10-29,Hickman,6,Battle,0
2019-10-29,Maryville,0,Bishop LeBlond,5
2019-10-29,Lee's Summit North,5,Blue Springs South,2
2019-10-29,Guadalupe Centers Charter,8,Center,0
2019-10-29,Ft. Zumwalt West,0,Christian Brothers College,2
2019-10-29,Fox,0,Clayton,7
2019-10-29,Kirkwood,2,Eureka,1
2019-10-29,Warrensburg,0,Excelsior Springs,1
2019-10-29,William Chrisman,4,Fort Osage,3
2019-10-29,Benton,0,Frontier STEM,2
2019-10-29,Francis Howell Central,2,Ft. Zumwalt East,1
2019-10-29,Marshall,5,Green Ridge,3
2019-10-29,Hazelwood Central,8,Hazelwood East,0
2019-10-29,Affton,1,Hazelwood West,9
2019-10-29,St. Charles,0,Holt,7
2019-10-29,De Smet Jesuit,3,Jackson,1
2019-10-29,Raytown South,4,Kearney,2
2019-10-29,Rolla,0,Kickapoo,2
2019-10-29,Fair Grove,0,Laquey,3
2019-10-29,Hillcrest,0,Lebanon,3
2019-10-29,Blue Springs,1,Lee's Summit West,2
2019-10-29,Timberland,1,Liberty (Wentzville),1
2019-10-29,Oakville,0,Lindbergh,4
2019-10-29,Greenwood,1,Logan-Rogersville,2
2019-10-29,Mehlville,0,Marquette,2
2019-10-29,North Technical,2,McCluer,6
2019-10-29,Camdenton,4,Moberly,1
2019-10-29,Cassville,0,Monett,3
2019-10-29,Republic,1,Nixa,2
2019-10-29,Ruskin,2,North Kansas City,8
2019-10-29,Raytown,1,Oak Park,3
2019-10-29,Carthage,0,Ozark,5
2019-10-29,Pattonville,1,Parkway Central,0
2019-10-29,Parkway South,4,Parkway North,0
2019-10-29,Ritenour,0,Parkway West,3
2019-10-29,Grandview,1,Platte County,4
2019-10-29,Whitfield,2,Principia,1
2019-10-29,Fatima,0,Sacred Heart,3
2019-10-29,Pacific,1,Seckman,2
2019-10-29,Poplar Bluff,7,Sikeston,1
2019-10-29,Southern Boone,0,Savannah,1
2019-10-29,McKinley Classical Leadership,0,Soldan International Studies,3
2019-10-29,St. Dominic,4,St. Francis Borgia,0
2019-10-29,Priory,1,Webster Groves,0
2019-10-29,Lutheran (Kansas City),1,St. Paul Lutheran (Concordia),9
2019-10-29,Festus,2,Webb City,0
2019-10-29,Odessa,4,Summit Christian Academy,3
2019-10-29,Washington,0,Troy Buchanan,7
2019-10-29,McCluer North,0,University City,3
2019-10-29,Helias Catholic,1,Vianney,3
2019-10-29,Union,1,Warrenton,1
2019-10-29,Joplin,5,Webb City,3
2019-10-29,Ladue Horton Watkins,0,Webster Groves,3
2019-10-29,Carl Junction,0,Willard,4
2019-10-29,North County,2,Windsor (Imperial),0
2019-10-29,Smithville,6,Winnetonka,0
2019-10-30,Lee's Summit North,5,Blue Springs South,2
2019-10-30,Bayless,3,Brentwood,0
2019-10-30,Ritenour,0,Clayton,5
2019-10-30,Hillsboro,4,Fox,0
2019-10-30,Francis Howell,1,Francis Howell North,0
2019-10-30,Marshfield,0,Hillcrest,1
2019-10-30,Rockwood Summit,4,Jackson,1
2019-10-30,Webster Groves,0,Kirkwood,0
2019-10-30,Liberty North,0,Lee's Summit,8
2019-10-30,Central (St. Joseph),1,Liberty,6
2019-10-30,Oakville,0,Marquette,5
2019-10-30,Lafayette (Wildwood),1,MICDS,0
2019-10-30,Belton,1,North Kansas City,4
2019-10-30,Glendale,8,Parkview,0
2019-10-30,Affton,1,Parkway Central,3
2019-10-30,Kickapoo,4,Republic,2
2019-10-30,Orchard Farm,7,St. Charles West,4
2019-10-30,Festus,8,St. Clair,0
2019-10-30,Staley,4,St. Charles,1
2019-10-30,Pacific,2,Windsor (Imperial),1
2019-10-31,Warrenton,2,Battle,1
2019-10-31,Bolivar,0,Branson,8
2019-10-31,Central (Springfield),9,Camdenton,1
2019-10-31,Oak Park,9,Fort Osage,1
2019-10-31,Hazelwood West,4,Ft. Zumwalt East,5
2019-10-31,Parkway North,1,Ft. Zumwalt North,3
2019-10-31,Ft. Zumwalt West,0,Ft. Zumwalt South,7
2019-10-31,Winnetonka,0,Grandview,8
2019-10-31,Hannibal,1,Hickman,6
2019-10-31,Platte County,3,Kearney,2
2019-10-31,Francis Howell Central,1,Marquette,0
2019-10-31,Webb City,2,McDonald County,1
2019-10-31,Glendale,2,Nixa,3
2019-10-31,Pattonville,1,Northwest (Cedar Hill),4
2019-10-31,Savannah,0,Ozark,2
2019-10-31,Raytown,0,Raytown South,5
2019-10-31,William Chrisman,4,Ruskin,1
2019-10-31,Grain Valley,3,Smithville,1
2019-10-31,Fatima,5,St. Clair,1
2019-10-31,Washington,1,Timberland,4
2019-10-31,St. Charles,0,Troy Buchanan,1
2019-10-31,Mehlville,0,Vianney,1
2019-10-31,Capital City,1,Waynesville,3
2019-10-31,Marshfield,0,West Plains,1
2019-11-01,Central (Springfield),9,Camdenton,1
2019-11-01,Hazelwood West,4,Ft. Zumwalt East,5
2019-11-01,Ritenour,1,Northwest (Cedar Hill),5
2019-11-01,Oak Grove,1,Pleasant Hill,4
2019-11-01,Carl Junction,0,Willard,4
2019-11-02,Carnahan,1,St. Paul Lutheran (Farmington),6
2019-11-02,Belle,1,Willard,4
2019-11-02,John Burroughs,8,Trinity Catholic,0
2019-11-02,University City,2,Soldan International Studies,1
2019-11-02,Priory,9,St. Clair,1
2019-11-02,St. Francis Borgia,2,Whitfield,5
2019-11-02,St. Dominic,8,Warrenton,0
2019-11-02,Liberty (Wentzville),6,Hannibal,2
2019-11-02,Park Hill South,3,Park Hill,1
2019-11-04,Gateway Science Charter,8,St. Paul Lutheran (Farmington),0
2019-11-04,Valley Park,2,Maplewood-Richmond Hts.,0
2019-11-04,Canton,3,STEAM Academy,0
2019-11-04,Father Tolton,8,Willard,0
2019-11-04,Smithton,4,The Fulton School,1
2019-11-04,Iberia,8,Crocker,0
2019-11-04,Summit Christian Academy,3,Lutheran (Kansas City),2
2019-11-04,Notre Dame (Cape Girardeau),4,St. Pius X (Festus),0
2019-11-04,Perryville,6,Fredericktown,0
2019-11-04,Bayless,2,Hancock,1
2019-11-04,Lutheran South,1,Bishop DuBourg,0
2019-11-04,Metro,15,Waynesville,0
2019-11-04,Orchard Farm,8,North Technical,0
2019-11-04,St. Charles West,6,Duchesne,2
2019-11-04,Southern Boone,7,Fulton,0
2019-11-04,Marshall,1,Boonville,2
2019-11-04,Springfield Catholic,2,Webb City,0
2019-11-04,Osage,2,Fatima,0
2019-11-04,Pleasant Hill,8,Knob Noster,0
2019-11-04,Clinton,4,Odessa,0
2019-11-04,Oak Grove,2,Center,0
2019-11-04,Guadalupe Centers Charter,15,Central (Kansas City),0
2019-11-04,Pembroke Hill,8,Cristo Rey,0
2019-11-04,Benton,0,Frontier STEM,5
2019-11-04,Northeast (Kansas City),0,St. Pius X (Kansas City),1
2019-11-04,Chillicothe,8,Cameron,0
2019-11-04,Maryville,1,Savannah,2
2019-11-04,Central (Cape Girardeau),8,Sikeston,0
2019-11-04,North County,3,Farmington,1
2019-11-04,Webster Groves,6,Gateway,0
2019-11-04,Webster Groves,5,Affton,0
2019-11-04,Clayton,8,Hazelwood East,0
2019-11-04,MICDS,0,Ladue Horton Watkins,1
2019-11-04,Washington,2,Union,1
2019-11-04,Rolla,2,Pacific,1
2019-11-04,Glendale,3,Marshfield,0
2019-11-04,Lebanon,1,West Plains,0
2019-11-04,Webb City,4,Carl Junction,1
2019-11-04,East (Kansas City),3,Lincoln College Prep,1
2019-11-04,Grain Valley,3,Raytown South,0
2019-11-04,Van Horn,8,Winnetonka,0
2019-11-04,Excelsior Springs,0,William Chrisman,1
2019-11-04,Platte County,8,Lafayette (St. Joseph),0
2019-11-04,Kearney,1,Smithville,2
2019-11-04,Northwest (Cedar Hill),6,Poplar Bluff,0
2019-11-04,Jackson,3,Seckman,2
2019-11-04,Mehlville,6,Fox,0
2019-11-04,Lindbergh,6,Oakville,1
2019-11-04,Kirkwood,4,Vianney,0
2019-11-04,Eureka,2,Parkway South,4
2019-11-04,Christian Brothers College,4,Parkway West,1
2019-11-04,Lafayette (Wildwood),2,Marquette,1
2019-11-04,Pattonville,8,McCluer North,0
2019-11-04,Hazelwood West,1,Hazelwood Central,0
2019-11-04,Francis Howell,3,Timberland,0
2019-11-04,Holt,2,Troy Buchanan,0
2019-11-04,Lee's Summit West,8,Joplin,0
2019-11-04,Raymore-Peculiar,6,Carthage,2
2019-11-04,Lee's Summit,3,Blue Springs South,0
2019-11-04,Lee's Summit North,2,Blue Springs,0
2019-11-04,Rockhurst,8,Fort Osage,0
2019-11-04,St. Charles,4,Raytown,0
2019-11-05,Collegiate School of Med-Bio Science,2,Canton,1
2019-11-05,Dixon,8,Richland,0
2019-11-05,Greenwood,6,Thomas Jefferson Independent Day,0
2019-11-05,Barstow,6,Summit Christian Academy,1
2019-11-05,Lone Jack,1,Bishop LeBlond,2
2019-11-05,Roosevelt,1,Cardinal Ritter,0
2019-11-05,John Burroughs,6,University City,1
2019-11-05,Veritas Christian Academy,4,Winfield,0
2019-11-05,Lutheran St. Charles,4,Wright City,0
2019-11-05,Kirksville,8,Moberly,0
2019-11-05,Missouri Military Academy,0,Mexico,2
2019-11-05,Monett,4,Cassville,0
2019-11-05,Logan-Rogersville,6,Aurora,1
2019-11-05,Hillsboro,5,DeSoto,0
2019-11-05,Festus,0,Windsor (Imperial),1
2019-11-05,Rockwood Summit,6,Parkway North,0
2019-11-05,Westminster Christian Academy,1,Parkway Central,4
2019-11-05,Ft. Zumwalt South,12,McCluer,0
2019-11-05,Ft. Zumwalt East,4,St. Charles,1
2019-11-05,St. Dominic,1,Liberty (Wentzville),0
2019-11-05,Helias Catholic,8,Warrensburg,0
2019-11-05,Camdenton,4,Capital City,0
2019-11-05,Parkview,3,Hillcrest,1
2019-11-05,Bolivar,0,Willard,1
2019-11-05,Belton,8,Ruskin,0
2019-11-05,Grandview,3,Harrisonville,2
2019-11-05,Chaminade College Prep,7,Ritenour,0
2019-11-05,De Smet Jesuit,3,SLUH,2
2019-11-05,Ft. Zumwalt West,3,Francis Howell North,1
2019-11-05,Francis Howell Central,0,Ft. Zumwalt North,1
2019-11-05,Jefferson City,2,Battle,0
2019-11-05,Rock Bridge,1,Hickman,0
2019-11-05,Savannah,1,Waynesville,2
2019-11-05,Kickapoo,1,Central (Springfield),2
2019-11-05,Ozark,6,Republic,0
2019-11-05,Nixa,1,Branson,2
2019-11-05,Park Hill South,5,Liberty North,0
2019-11-05,Liberty,3,North Kansas City,2
2019-11-05,Park Hill,2,Central (St. Joseph),1
2019-11-05,Staley,2,Oak Park,0
2019-11-06,Principia,3,Valley Park,1
2019-11-06,Brentwood,2,Crossroads College Preparatory,1
2019-11-06,Laquey,4,Iberia,0
2019-11-06,Notre Dame (Cape Girardeau),3,Perryville,0
2019-11-06,Bayless,1,Lutheran South,3
2019-11-06,Metro,2,Roosevelt,0
2019-11-06,Priory,3,Whitfield,0
2019-11-06,Orchard Farm,2,St. Charles West,1
2019-11-06,Southern Boone,5,Boonville,0
2019-11-06,Springfield Catholic,1,Osage,0
2019-11-06,Pleasant Hill,2,Clinton,0
2019-11-06,St. Michael the Archangel,2,Oak Grove,0
2019-11-06,Guadalupe Centers Charter,4,Pembroke Hill,0
2019-11-06,St. Pius X (Kansas City),3,Frontier STEM,0
2019-11-06,Central (Cape Girardeau),1,North County,2
2019-11-06,Ft. Zumwalt South,2,Ft. Zumwalt East,0
2019-11-06,Washington,2,Rolla,3
2019-11-06,East (Kansas City),1,Grain Valley,2
2019-11-06,Van Horn,3,William Chrisman,0
2019-11-06,Platte County,2,Smithville,0
2019-11-06,Northwest (Cedar Hill),7,Jackson,3
2019-11-06,Mehlville,1,Lindbergh,2
2019-11-06,Kirkwood,3,Parkway South,1
2019-11-06,Christian Brothers College,1,Lafayette (Wildwood),0
2019-11-06,Pattonville,1,Hazelwood West,0
2019-11-06,Francis Howell,0,Holt,1
2019-11-06,Lee's Summit West,2,Raymore-Peculiar,1
2019-11-06,Rockhurst,2,St. Charles,0
2019-11-07,Collegiate School of Med-Bio Science,1,Lutheran North,2
2019-11-07,Father Tolton,2,Smithton,1
2019-11-07,Greenwood,1,Fair Grove,0
2019-11-07,St. Paul Lutheran (Concordia),4,Cole Camp,0
2019-11-07,Sacred Heart,2,Green Ridge,1
2019-11-07,Barstow,1,Bishop LeBlond,0
2019-11-07,Veritas Christian Academy,1,Lutheran St. Charles,0
2019-11-07,Kirksville,4,Mexico,0
2019-11-07,Monett,2,Logan-Rogersville,0
2019-11-07,Chillicothe,4,Savannah,2
2019-11-07,Hillsboro,1,Windsor (Imperial),0
2019-11-07,Webster Groves,2,Webster Groves,0
2019-11-07,Clayton,0,Ladue Horton Watkins,1
2019-11-07,Rockwood Summit,3,Parkway Central,2
2019-11-07,Helias Catholic,6,Camdenton,1
2019-11-07,Glendale,3,Lebanon,1
2019-11-07,Parkview,0,Willard,5
2019-11-07,Belton,3,Grandview,2
2019-11-07,Chaminade College Prep,1,De Smet Jesuit,2
2019-11-07,Ft. Zumwalt West,3,Ft. Zumwalt North,1
2019-11-07,Jefferson City,2,Rock Bridge,1
2019-11-07,Central (Springfield),3,Waynesville,0
2019-11-07,Ozark,6,Branson,1
2019-11-07,Lee's Summit,6,Lee's Summit North,1
2019-11-07,Park Hill South,4,Liberty,3
2019-11-07,Park Hill,1,Staley,2
2019-11-08,Principia,3,Brentwood,0
2019-11-08,Laquey,4,Dixon,0
2019-11-09,St. Paul Lutheran (Concordia),1,Sacred Heart,0
2019-11-12,Grain Valley,1,Belton,0
2019-11-13,Lutheran South,1,Notre Dame (Cape Girardeau),6
2019-11-13,John Burroughs,8,Metro,0
2019-11-13,Springfield Catholic,2,Southern Boone,3
2019-11-13,Pleasant Hill,1,Monett,0
2019-11-13,Guadalupe Centers Charter,1,St. Michael the Archangel,0
2019-11-13,Chillicothe,1,St. Pius X (Kansas City),8
2019-11-13,Hillsboro,3,North County,1
2019-11-13,Ft. Zumwalt South,0,Rockwood Summit,4
2019-11-13,Rolla,1,St. Dominic,2
2019-11-13,Glendale,1,Helias Catholic,2
2019-11-13,Platte County,2,Van Horn,1
2019-11-13,Lindbergh,4,Northwest (Cedar Hill),2
2019-11-13,Pattonville,0,De Smet Jesuit,2
2019-11-13,Holt,2,Ft. Zumwalt West,3
2019-11-13,Central (Springfield),0,Jefferson City,3
2019-11-13,Lee's Summit West,2,Ozark,1
2019-11-13,Rockhurst,1,Lee's Summit,2
2019-11-13,Staley,0,Park Hill South,5
2019-11-14,Orchard Farm,0,Priory,3
2019-11-14,Kirksville,3,Veritas Christian Academy,2
2019-11-14,Ladue Horton Watkins,1,Webster Groves,2
2019-11-14,Christian Brothers College,2,Kirkwood,3
2019-11-16,Father Tolton,3,Lutheran North,1
2019-11-16,Greenwood,2,Laquey,0
2019-11-16,Barstow,1,St. Paul Lutheran (Concordia),2
2019-11-16,John Burroughs,3,Notre Dame (Cape Girardeau),0
2019-11-16,Kirksville,0,Priory,6
2019-11-16,Pleasant Hill,0,Southern Boone,4
2019-11-16,St. Pius X (Kansas City),0,Guadalupe Centers Charter,4
2019-11-16,Webster Groves,4,Hillsboro,1
2019-11-16,St. Dominic,1,Rockwood Summit,2
2019-11-16,Platte County,1,Grain Valley,0
2019-11-16,Kirkwood,0,Lindbergh,1
2019-11-16,Ft. Zumwalt West,0,De Smet Jesuit,4
2019-11-16,Lee's Summit West,1,Jefferson City,0
2019-11-16,Park Hill South,0,Lee's Summit,3
2019-11-22,Father Tolton,0,Principia,1
2019-11-22,St. Paul Lutheran (Concordia),3,Greenwood,0
2019-11-22,Priory,1,John Burroughs,0
2019-11-22,Guadalupe Centers Charter,3,Southern Boone,0
2019-11-22,Rockwood Summit,2,Webster Groves,1
2019-11-22,De Smet Jesuit,2,Lindbergh,1
2019-11-22,Lee's Summit,1,Lee's Summit West,0
2019-11-23,St. Paul Lutheran (Concordia),2,Principia,3
2019-11-23,Greenwood,1,Father Tolton,0
2019-11-23,Guadalupe Centers Charter,4,Priory,3
2019-11-23,Southern Boone,3,John Burroughs,4
2019-11-23,Platte County,1,Rockwood Summit,2
2019-11-23,Lee's Summit,0,De Smet Jesuit,1
2019-11-23,Lee's Summit West,2,Lindbergh,1
